Workbook
Name \S: #REF!
Name _DAT1: #REF!
Name _DAT1: #REF!
Name _DAT10: #REF!
Name _DAT10: #REF!
Name _DAT11: #REF!
Name _DAT11: #REF!
Name _DAT12: #REF!
Name _DAT12: #REF!
Name _DAT13: #REF!
Name _DAT13: #REF!
Name _DAT2: #REF!
Name _DAT2: #REF!
Name _DAT3: #REF!
Name _DAT3: #REF!
Name _DAT4: #REF!
Name _DAT4: #REF!
Name _DAT5: #REF!
Name _DAT5: #REF!
Name _DAT6: #REF!
Name _DAT6: #REF!
Name _DAT7: #REF!
Name _DAT7: #REF!
Name _DAT8: #REF!
Name _DAT8: #REF!
Name _DAT9: #REF!
Name _DAT9: #REF!
Name BALDATA: #REF!
Name Date: [1]Results!$A$3
Name Days: [1]Results!$D$3
Name DRSDATA: #REF!
Name FERNDATA: #REF!
Name FRCDATA: #REF!
Name Import: #REF!
Name INPUT: #REF!
Name LPUDB: #REF!
Name MSCF_ADJ: #REF!
Name PIPEFLOW_IMPORT: #REF!
Name PRELWIRE: #REF!
Name SACSCOPS: #REF!
Name TEST0: #REF!
Name TEST0: #REF!
Name TESTHKEY: #REF!
Name TESTHKEY: #REF!
Name TESTKEYS: #REF!
Name TESTKEYS: #REF!
Name TESTVKEY: #REF!
Name TESTVKEY: #REF!
Name TIEOUT: #REF!
Name WIRE: #REF!

Sheet Physical - BBLS
A1: Product | B1: Open | C1: Receipt | D1: Prod / Cons | E1: Shipment | F1: Loss/Gain | G1: Own Cons | H1: Close | K1: =MID(A1,9,25) | L1: Open | M1: Receipt | N1: Prod / Cons | O1: Shipment | P1: Loss/Gain | Q1: Own Cons | R1: Close | U1: =MID(K1,9,25)
A2: 00110 - Ballast Water | B2: 5431 | D2: -3788 | H2: 1644 | J2: =CONCATENATE(0,LEFT(A2,5)) -> 000110 | K2: =MID(A2,9,25) -> Ballast Water | L2: =ROUND(B2/2,2) -> 2715.5 | M2: =ROUND(C2/2,2) -> 0 | N2: =ROUND(D2/2,2) -> -1894 | O2: =ROUND(E2/2,2) -> 0 | P2: =ROUND(F2/2,2) -> 0 | Q2: =ROUND(G2/2,2) -> 0 | R2: =ROUND(H2/2,2) -> 822 | T2: =CONCATENATE(0,LEFT(K2,5)) -> 0Balla | U2: =MID(K2,9,25) -> Water
A3: 00130 - JP-5 ANTIICANT | B3: 2061 | D3: -1 | H3: 2060 | J3: =CONCATENATE(0,LEFT(A3,5)) -> 000130 | K3: =MID(A3,9,25) -> JP-5 ANTIICANT | L3: =ROUND(B3/2,2) -> 1030.5 | M3: =ROUND(C3/2,2) -> 0 | N3: =ROUND(D3/2,2) -> -0.5 | O3: =ROUND(E3/2,2) -> 0 | P3: =ROUND(F3/2,2) -> 0 | Q3: =ROUND(G3/2,2) -> 0 | R3: =ROUND(H3/2,2) -> 1030 | T3: =CONCATENATE(0,LEFT(K3,5)) -> 0JP-5 | U3: =MID(K3,9,25) -> IICANT
A4: 00204 - Napo | C4: 325074 | D4: -325074 | J4: =CONCATENATE(0,LEFT(A4,5)) -> 000204 | K4: =MID(A4,9,25) -> Napo | L4: =ROUND(B4/2,2) -> 0 | M4: =ROUND(C4/2,2) -> 162537 | N4: =ROUND(D4/2,2) -> -162537 | O4: =ROUND(E4/2,2) -> 0 | P4: =ROUND(F4/2,2) -> 0 | Q4: =ROUND(G4/2,2) -> 0 | R4: =ROUND(H4/2,2) -> 0 | T4: =CONCATENATE(0,LEFT(K4,5)) -> 0Napo | U4: =MID(K4,9,25)
A5: 00206 - Hoops | C5: 199292 | D5: -173752 | H5: 25539 | J5: =CONCATENATE(0,LEFT(A5,5)) -> 000206 | K5: =MID(A5,9,25) -> Hoops | L5: =ROUND(B5/2,2) -> 0 | M5: =ROUND(C5/2,2) -> 99646 | N5: =ROUND(D5/2,2) -> -86876 | O5: =ROUND(E5/2,2) -> 0 | P5: =ROUND(F5/2,2) -> 0 | Q5: =ROUND(G5/2,2) -> 0 | R5: =ROUND(H5/2,2) -> 12769.5 | T5: =CONCATENATE(0,LEFT(K5,5)) -> 0Hoops | U5: =MID(K5,9,25)
A6: 00215 - Cold Lake Blend Crude (Canada) | B6: 115840 | C6: 119656 | D6: -97251 | H6: 138245 | J6: =CONCATENATE(0,LEFT(A6,5)) -> 000215 | K6: =MID(A6,9,25) -> Cold Lake Blend Crude (Ca | L6: =ROUND(B6/2,2) -> 57920 | M6: =ROUND(C6/2,2) -> 59828 | N6: =ROUND(D6/2,2) -> -48625.5 | O6: =ROUND(E6/2,2) -> 0 | P6: =ROUND(F6/2,2) -> 0 | Q6: =ROUND(G6/2,2) -> 0 | R6: =ROUND(H6/2,2) -> 69122.5 | T6: =CONCATENATE(0,LEFT(K6,5)) -> 0Cold | U6: =MID(K6,9,25) -> e Blend Crude (Ca
A7: 00252 - Mars Crude | B7: 178261 | C7: -154 | D7: -178107 | J7: =CONCATENATE(0,LEFT(A7,5)) -> 000252 | K7: =MID(A7,9,25) -> Mars Crude | L7: =ROUND(B7/2,2) -> 89130.5 | M7: =ROUND(C7/2,2) -> -77 | N7: =ROUND(D7/2,2) -> -89053.5 | O7: =ROUND(E7/2,2) -> 0 | P7: =ROUND(F7/2,2) -> 0 | Q7: =ROUND(G7/2,2) -> 0 | R7: =ROUND(H7/2,2) -> 0 | T7: =CONCATENATE(0,LEFT(K7,5)) -> 0Mars | U7: =MID(K7,9,25) -> de
A8: 00280 - Maya | B8: 1531533 | C8: 6909043 | D8: -6882732 | F8: 3156 | H8: 1554688 | J8: =CONCATENATE(0,LEFT(A8,5)) -> 000280 | K8: =MID(A8,9,25) -> Maya | L8: =ROUND(B8/2,2) -> 765766.5 | M8: =ROUND(C8/2,2) -> 3454521.5 | N8: =ROUND(D8/2,2) -> -3441366 | O8: =ROUND(E8/2,2) -> 0 | P8: =ROUND(F8/2,2) -> 1578 | Q8: =ROUND(G8/2,2) -> 0 | R8: =ROUND(H8/2,2) -> 777344 | T8: =CONCATENATE(0,LEFT(K8,5)) -> 0Maya | U8: =MID(K8,9,25)
A9: 00306 - Toluene for gasoline blending | B9: 14994 | D9: 132501 | E9: 99637 | F9: 256 | H9: 47601 | J9: =CONCATENATE(0,LEFT(A9,5)) -> 000306 | K9: =MID(A9,9,25) -> Toluene for gasoline blen | L9: =ROUND(B9/2,2) -> 7497 | M9: =ROUND(C9/2,2) -> 0 | N9: =ROUND(D9/2,2) -> 66250.5 | O9: =ROUND(E9/2,2) -> 49818.5 | P9: =ROUND(F9/2,2) -> 128 | Q9: =ROUND(G9/2,2) -> 0 | R9: =ROUND(H9/2,2) -> 23800.5 | T9: =CONCATENATE(0,LEFT(K9,5)) -> 0Tolue | U9: =MID(K9,9,25) -> for gasoline blen
A10: 00319 - PUL 93 RVP 7/8# | B10: 700 | H10: 700 | J10: =CONCATENATE(0,LEFT(A10,5)) -> 000319 | K10: =MID(A10,9,25) -> PUL 93 RVP 7/8# | L10: =ROUND(B10/2,2) -> 350 | M10: =ROUND(C10/2,2) -> 0 | N10: =ROUND(D10/2,2) -> 0 | O10: =ROUND(E10/2,2) -> 0 | P10: =ROUND(F10/2,2) -> 0 | Q10: =ROUND(G10/2,2) -> 0 | R10: =ROUND(H10/2,2) -> 350 | T10: =CONCATENATE(0,LEFT(K10,5)) -> 0PUL 9 | U10: =MID(K10,9,25) -> VP 7/8#
A11: 00351 - RUL87 RVP 9.0 | B11: 57340 | C11: 175000 | D11: 1168033 | E11: 1128300 | F11: 1910 | H11: 270162 | J11: =CONCATENATE(0,LEFT(A11,5)) -> 000351 | K11: =MID(A11,9,25) -> RUL87 RVP 9.0 | L11: =ROUND(B11/2,2) -> 28670 | M11: =ROUND(C11/2,2) -> 87500 | N11: =ROUND(D11/2,2) -> 584016.5 | O11: =ROUND(E11/2,2) -> 564150 | P11: =ROUND(F11/2,2) -> 955 | Q11: =ROUND(G11/2,2) -> 0 | R11: =ROUND(H11/2,2) -> 135081 | T11: =CONCATENATE(0,LEFT(K11,5)) -> 0RUL87 | U11: =MID(K11,9,25) -> P 9.0
A12: 00402 - JP-8 ANTIICANT | B12: 77 | H12: 77 | J12: =CONCATENATE(0,LEFT(A12,5)) -> 000402 | K12: =MID(A12,9,25) -> JP-8 ANTIICANT | L12: =ROUND(B12/2,2) -> 38.5 | M12: =ROUND(C12/2,2) -> 0 | N12: =ROUND(D12/2,2) -> 0 | O12: =ROUND(E12/2,2) -> 0 | P12: =ROUND(F12/2,2) -> 0 | Q12: =ROUND(G12/2,2) -> 0 | R12: =ROUND(H12/2,2) -> 38.5 | T12: =CONCATENATE(0,LEFT(K12,5)) -> 0JP-8 | U12: =MID(K12,9,25) -> IICANT
A13: 00410 - JET A | C13: 258562 | D13: -155182 | E13: 103380 | J13: =CONCATENATE(0,LEFT(A13,5)) -> 000410 | K13: =MID(A13,9,25) -> JET A | L13: =ROUND(B13/2,2) -> 0 | M13: =ROUND(C13/2,2) -> 129281 | N13: =ROUND(D13/2,2) -> -77591 | O13: =ROUND(E13/2,2) -> 51690 | P13: =ROUND(F13/2,2) -> 0 | Q13: =ROUND(G13/2,2) -> 0 | R13: =ROUND(H13/2,2) -> 0 | T13: =CONCATENATE(0,LEFT(K13,5)) -> 0JET A | U13: =MID(K13,9,25)
A14: 00429 - Low Sulfur Diesel | D14: 39621 | E14: 39621 | J14: =CONCATENATE(0,LEFT(A14,5)) -> 000429 | K14: =MID(A14,9,25) -> Low Sulfur Diesel | L14: =ROUND(B14/2,2) -> 0 | M14: =ROUND(C14/2,2) -> 0 | N14: =ROUND(D14/2,2) -> 19810.5 | O14: =ROUND(E14/2,2) -> 19810.5 | P14: =ROUND(F14/2,2) -> 0 | Q14: =ROUND(G14/2,2) -> 0 | R14: =ROUND(H14/2,2) -> 0 | T14: =CONCATENATE(0,LEFT(K14,5)) -> 0Low S | U14: =MID(K14,9,25) -> ur Diesel
A15: 00646 - JP8 Turbine Fuel | D15: 397352 | E15: 295368 | F15: 230 | H15: 101754 | J15: =CONCATENATE(0,LEFT(A15,5)) -> 000646 | K15: =MID(A15,9,25) -> JP8 Turbine Fuel | L15: =ROUND(B15/2,2) -> 0 | M15: =ROUND(C15/2,2) -> 0 | N15: =ROUND(D15/2,2) -> 198676 | O15: =ROUND(E15/2,2) -> 147684 | P15: =ROUND(F15/2,2) -> 115 | Q15: =ROUND(G15/2,2) -> 0 | R15: =ROUND(H15/2,2) -> 50877 | T15: =CONCATENATE(0,LEFT(K15,5)) -> 0JP8 T | U15: =MID(K15,9,25) -> ine Fuel
A16: 00804 - Slop Oil | B16: 39364 | D16: 1584 | H16: 40948 | J16: =CONCATENATE(0,LEFT(A16,5)) -> 000804 | K16: =MID(A16,9,25) -> Slop Oil | L16: =ROUND(B16/2,2) -> 19682 | M16: =ROUND(C16/2,2) -> 0 | N16: =ROUND(D16/2,2) -> 792 | O16: =ROUND(E16/2,2) -> 0 | P16: =ROUND(F16/2,2) -> 0 | Q16: =ROUND(G16/2,2) -> 0 | R16: =ROUND(H16/2,2) -> 20474 | T16: =CONCATENATE(0,LEFT(K16,5)) -> 0Slop | U16: =MID(K16,9,25)
A17: 00863 - Purchased Hydrogen | C17: 79544 | D17: -79544 | J17: =CONCATENATE(0,LEFT(A17,5)) -> 000863 | K17: =MID(A17,9,25) -> Purchased Hydrogen | L17: =ROUND(B17/2,2) -> 0 | M17: =ROUND(C17/2,2) -> 39772 | N17: =ROUND(D17/2,2) -> -39772 | O17: =ROUND(E17/2,2) -> 0 | P17: =ROUND(F17/2,2) -> 0 | Q17: =ROUND(G17/2,2) -> 0 | R17: =ROUND(H17/2,2) -> 0 | T17: =CONCATENATE(0,LEFT(K17,5)) -> 0Purch | U17: =MID(K17,9,25) -> d Hydrogen
A18: 00866 - Coke Offsite | B18: 1451827 | D18: 755987 | E18: 1356645 | F18: 22679 | H18: 828490 | J18: =CONCATENATE(0,LEFT(A18,5)) -> 000866 | K18: =MID(A18,9,25) -> Coke Offsite | L18: =ROUND(B18/2,2) -> 725913.5 | M18: =ROUND(C18/2,2) -> 0 | N18: =ROUND(D18/2,2) -> 377993.5 | O18: =ROUND(E18/2,2) -> 678322.5 | P18: =ROUND(F18/2,2) -> 11339.5 | Q18: =ROUND(G18/2,2) -> 0 | R18: =ROUND(H18/2,2) -> 414245 | T18: =CONCATENATE(0,LEFT(K18,5)) -> 0Coke | U18: =MID(K18,9,25) -> site
A19: 00896 - Shell Marine Diesel Fuel | B19: 6178 | D19: 8660 | H19: 14838 | J19: =CONCATENATE(0,LEFT(A19,5)) -> 000896 | K19: =MID(A19,9,25) -> Shell Marine Diesel Fuel | L19: =ROUND(B19/2,2) -> 3089 | M19: =ROUND(C19/2,2) -> 0 | N19: =ROUND(D19/2,2) -> 4330 | O19: =ROUND(E19/2,2) -> 0 | P19: =ROUND(F19/2,2) -> 0 | Q19: =ROUND(G19/2,2) -> 0 | R19: =ROUND(H19/2,2) -> 7419 | T19: =CONCATENATE(0,LEFT(K19,5)) -> 0Shell | U19: =MID(K19,9,25) -> rine Diesel Fuel
A20: 00918 - PLAT-2 Feed | B20: 46609 | D20: 31653 | H20: 78262 | J20: =CONCATENATE(0,LEFT(A20,5)) -> 000918 | K20: =MID(A20,9,25) -> PLAT-2 Feed | L20: =ROUND(B20/2,2) -> 23304.5 | M20: =ROUND(C20/2,2) -> 0 | N20: =ROUND(D20/2,2) -> 15826.5 | O20: =ROUND(E20/2,2) -> 0 | P20: =ROUND(F20/2,2) -> 0 | Q20: =ROUND(G20/2,2) -> 0 | R20: =ROUND(H20/2,2) -> 39131 | T20: =CONCATENATE(0,LEFT(K20,5)) -> 0PLAT- | U20: =MID(K20,9,25) -> eed
A21: 01037 - Cat Crk Coke | D21: 77380 | G21: 77380 | J21: =CONCATENATE(0,LEFT(A21,5)) -> 001037 | K21: =MID(A21,9,25) -> Cat Crk Coke | L21: =ROUND(B21/2,2) -> 0 | M21: =ROUND(C21/2,2) -> 0 | N21: =ROUND(D21/2,2) -> 38690 | O21: =ROUND(E21/2,2) -> 0 | P21: =ROUND(F21/2,2) -> 0 | Q21: =ROUND(G21/2,2) -> 38690 | R21: =ROUND(H21/2,2) -> 0 | T21: =CONCATENATE(0,LEFT(K21,5)) -> 0Cat C | U21: =MID(K21,9,25) -> Coke
A22: 01046 - Shell Sulfur | B22: 45429 | D22: 84196 | E22: 71198 | H22: 58427 | J22: =CONCATENATE(0,LEFT(A22,5)) -> 001046 | K22: =MID(A22,9,25) -> Shell Sulfur | L22: =ROUND(B22/2,2) -> 22714.5 | M22: =ROUND(C22/2,2) -> 0 | N22: =ROUND(D22/2,2) -> 42098 | O22: =ROUND(E22/2,2) -> 35599 | P22: =ROUND(F22/2,2) -> 0 | Q22: =ROUND(G22/2,2) -> 0 | R22: =ROUND(H22/2,2) -> 29213.5 | T22: =CONCATENATE(0,LEFT(K22,5)) -> 0Shell | U22: =MID(K22,9,25) -> lfur
A23: 01048 - Carbon Dioxide | D23: 61999 | E23: 61999 | J23: =CONCATENATE(0,LEFT(A23,5)) -> 001048 | K23: =MID(A23,9,25) -> Carbon Dioxide | L23: =ROUND(B23/2,2) -> 0 | M23: =ROUND(C23/2,2) -> 0 | N23: =ROUND(D23/2,2) -> 30999.5 | O23: =ROUND(E23/2,2) -> 30999.5 | P23: =ROUND(F23/2,2) -> 0 | Q23: =ROUND(G23/2,2) -> 0 | R23: =ROUND(H23/2,2) -> 0 | T23: =CONCATENATE(0,LEFT(K23,5)) -> 0Carbo | U23: =MID(K23,9,25) -> ioxide
A24: 03300 - Transmix to Colex | B24: 930 | D24: 66 | H24: 997 | J24: =CONCATENATE(0,LEFT(A24,5)) -> 003300 | K24: =MID(A24,9,25) -> Transmix to Colex | L24: =ROUND(B24/2,2) -> 465 | M24: =ROUND(C24/2,2) -> 0 | N24: =ROUND(D24/2,2) -> 33 | O24: =ROUND(E24/2,2) -> 0 | P24: =ROUND(F24/2,2) -> 0 | Q24: =ROUND(G24/2,2) -> 0 | R24: =ROUND(H24/2,2) -> 498.5 | T24: =CONCATENATE(0,LEFT(K24,5)) -> 0Trans | U24: =MID(K24,9,25) -> to Colex
A25: 06819 - Methanol | B25: 12344 | D25: 25 | H25: 12369 | J25: =CONCATENATE(0,LEFT(A25,5)) -> 006819 | K25: =MID(A25,9,25) -> Methanol | L25: =ROUND(B25/2,2) -> 6172 | M25: =ROUND(C25/2,2) -> 0 | N25: =ROUND(D25/2,2) -> 12.5 | O25: =ROUND(E25/2,2) -> 0 | P25: =ROUND(F25/2,2) -> 0 | Q25: =ROUND(G25/2,2) -> 0 | R25: =ROUND(H25/2,2) -> 6184.5 | T25: =CONCATENATE(0,LEFT(K25,5)) -> 0Metha | U25: =MID(K25,9,25)
A26: 08021 - HDU-2 Feed | B26: 43130 | D26: -479 | H26: 42652 | J26: =CONCATENATE(0,LEFT(A26,5)) -> 008021 | K26: =MID(A26,9,25) -> HDU-2 Feed | L26: =ROUND(B26/2,2) -> 21565 | M26: =ROUND(C26/2,2) -> 0 | N26: =ROUND(D26/2,2) -> -239.5 | O26: =ROUND(E26/2,2) -> 0 | P26: =ROUND(F26/2,2) -> 0 | Q26: =ROUND(G26/2,2) -> 0 | R26: =ROUND(H26/2,2) -> 21326 | T26: =CONCATENATE(0,LEFT(K26,5)) -> 0HDU-2 | U26: =MID(K26,9,25) -> ed
A27: 08030 - HVY Raffinate | B27: 69160 | D27: -30422 | H27: 38738 | J27: =CONCATENATE(0,LEFT(A27,5)) -> 008030 | K27: =MID(A27,9,25) -> HVY Raffinate | L27: =ROUND(B27/2,2) -> 34580 | M27: =ROUND(C27/2,2) -> 0 | N27: =ROUND(D27/2,2) -> -15211 | O27: =ROUND(E27/2,2) -> 0 | P27: =ROUND(F27/2,2) -> 0 | Q27: =ROUND(G27/2,2) -> 0 | R27: =ROUND(H27/2,2) -> 19369 | T27: =CONCATENATE(0,LEFT(K27,5)) -> 0HVY R | U27: =MID(K27,9,25) -> inate
A28: 08048 - Light Cat Cracked Gasoline | D28: 53008 | E28: 53008 | J28: =CONCATENATE(0,LEFT(A28,5)) -> 008048 | K28: =MID(A28,9,25) -> Light Cat Cracked Gasolin | L28: =ROUND(B28/2,2) -> 0 | M28: =ROUND(C28/2,2) -> 0 | N28: =ROUND(D28/2,2) -> 26504 | O28: =ROUND(E28/2,2) -> 26504 | P28: =ROUND(F28/2,2) -> 0 | Q28: =ROUND(G28/2,2) -> 0 | R28: =ROUND(H28/2,2) -> 0 | T28: =CONCATENATE(0,LEFT(K28,5)) -> 0Light | U28: =MID(K28,9,25) -> t Cracked Gasolin
A29: 08060 - Motor Alkylate | B29: 85994 | D29: 35314 | H29: 121308 | J29: =CONCATENATE(0,LEFT(A29,5)) -> 008060 | K29: =MID(A29,9,25) -> Motor Alkylate | L29: =ROUND(B29/2,2) -> 42997 | M29: =ROUND(C29/2,2) -> 0 | N29: =ROUND(D29/2,2) -> 17657 | O29: =ROUND(E29/2,2) -> 0 | P29: =ROUND(F29/2,2) -> 0 | Q29: =ROUND(G29/2,2) -> 0 | R29: =ROUND(H29/2,2) -> 60654 | T29: =CONCATENATE(0,LEFT(K29,5)) -> 0Motor | U29: =MID(K29,9,25) -> kylate
A30: 08088 - MTBE | B30: 432 | H30: 432 | J30: =CONCATENATE(0,LEFT(A30,5)) -> 008088 | K30: =MID(A30,9,25) -> MTBE | L30: =ROUND(B30/2,2) -> 216 | M30: =ROUND(C30/2,2) -> 0 | N30: =ROUND(D30/2,2) -> 0 | O30: =ROUND(E30/2,2) -> 0 | P30: =ROUND(F30/2,2) -> 0 | Q30: =ROUND(G30/2,2) -> 0 | R30: =ROUND(H30/2,2) -> 216 | T30: =CONCATENATE(0,LEFT(K30,5)) -> 0MTBE | U30: =MID(K30,9,25)
A31: 08113 - Untreated Heavy Gas Oil | B31: 241656 | D31: -44193 | H31: 197463 | J31: =CONCATENATE(0,LEFT(A31,5)) -> 008113 | K31: =MID(A31,9,25) -> Untreated Heavy Gas Oil | L31: =ROUND(B31/2,2) -> 120828 | M31: =ROUND(C31/2,2) -> 0 | N31: =ROUND(D31/2,2) -> -22096.5 | O31: =ROUND(E31/2,2) -> 0 | P31: =ROUND(F31/2,2) -> 0 | Q31: =ROUND(G31/2,2) -> 0 | R31: =ROUND(H31/2,2) -> 98731.5 | T31: =CONCATENATE(0,LEFT(K31,5)) -> 0Untre | U31: =MID(K31,9,25) -> d Heavy Gas Oil
A32: 08152 - Untreated Cat Gasoline (off spec) | B32: 26853 | D32: 31287 | H32: 58139 | J32: =CONCATENATE(0,LEFT(A32,5)) -> 008152 | K32: =MID(A32,9,25) -> Untreated Cat Gasoline (o | L32: =ROUND(B32/2,2) -> 13426.5 | M32: =ROUND(C32/2,2) -> 0 | N32: =ROUND(D32/2,2) -> 15643.5 | O32: =ROUND(E32/2,2) -> 0 | P32: =ROUND(F32/2,2) -> 0 | Q32: =ROUND(G32/2,2) -> 0 | R32: =ROUND(H32/2,2) -> 29069.5 | T32: =CONCATENATE(0,LEFT(K32,5)) -> 0Untre | U32: =MID(K32,9,25) -> d Cat Gasoline (o
A33: 08160 - Off Spec Butane/Butylenes | B33: 10302 | D33: -818 | H33: 9484 | J33: =CONCATENATE(0,LEFT(A33,5)) -> 008160 | K33: =MID(A33,9,25) -> Off Spec Butane/Butylenes | L33: =ROUND(B33/2,2) -> 5151 | M33: =ROUND(C33/2,2) -> 0 | N33: =ROUND(D33/2,2) -> -409 | O33: =ROUND(E33/2,2) -> 0 | P33: =ROUND(F33/2,2) -> 0 | Q33: =ROUND(G33/2,2) -> 0 | R33: =ROUND(H33/2,2) -> 4742 | T33: =CONCATENATE(0,LEFT(K33,5)) -> 0Off S | U33: =MID(K33,9,25) -> Butane/Butylenes
A34: 08162 - Butane/Butylenes | B34: 13566 | C34: 77791 | D34: -79434 | H34: 11923 | J34: =CONCATENATE(0,LEFT(A34,5)) -> 008162 | K34: =MID(A34,9,25) -> Butane/Butylenes | L34: =ROUND(B34/2,2) -> 6783 | M34: =ROUND(C34/2,2) -> 38895.5 | N34: =ROUND(D34/2,2) -> -39717 | O34: =ROUND(E34/2,2) -> 0 | P34: =ROUND(F34/2,2) -> 0 | Q34: =ROUND(G34/2,2) -> 0 | R34: =ROUND(H34/2,2) -> 5961.5 | T34: =CONCATENATE(0,LEFT(K34,5)) -> 0Butan | U34: =MID(K34,9,25) -> utylenes
A35: 08200 - SGP Debut Bottoms | B35: 25995 | D35: -9321 | H35: 16674 | J35: =CONCATENATE(0,LEFT(A35,5)) -> 008200 | K35: =MID(A35,9,25) -> SGP Debut Bottoms | L35: =ROUND(B35/2,2) -> 12997.5 | M35: =ROUND(C35/2,2) -> 0 | N35: =ROUND(D35/2,2) -> -4660.5 | O35: =ROUND(E35/2,2) -> 0 | P35: =ROUND(F35/2,2) -> 0 | Q35: =ROUND(G35/2,2) -> 0 | R35: =ROUND(H35/2,2) -> 8337 | T35: =CONCATENATE(0,LEFT(K35,5)) -> 0SGP D | U35: =MID(K35,9,25) -> t Bottoms
A36: 08240 - Untreated Jet Fuel | B36: 74094 | D36: 9156 | H36: 83250 | J36: =CONCATENATE(0,LEFT(A36,5)) -> 008240 | K36: =MID(A36,9,25) -> Untreated Jet Fuel | L36: =ROUND(B36/2,2) -> 37047 | M36: =ROUND(C36/2,2) -> 0 | N36: =ROUND(D36/2,2) -> 4578 | O36: =ROUND(E36/2,2) -> 0 | P36: =ROUND(F36/2,2) -> 0 | Q36: =ROUND(G36/2,2) -> 0 | R36: =ROUND(H36/2,2) -> 41625 | T36: =CONCATENATE(0,LEFT(K36,5)) -> 0Untre | U36: =MID(K36,9,25) -> d Jet Fuel
A37: 08605 - SR C5/C6 | B37: 18484 | D37: 19931 | H37: 38414 | J37: =CONCATENATE(0,LEFT(A37,5)) -> 008605 | K37: =MID(A37,9,25) -> SR C5/C6 | L37: =ROUND(B37/2,2) -> 9242 | M37: =ROUND(C37/2,2) -> 0 | N37: =ROUND(D37/2,2) -> 9965.5 | O37: =ROUND(E37/2,2) -> 0 | P37: =ROUND(F37/2,2) -> 0 | Q37: =ROUND(G37/2,2) -> 0 | R37: =ROUND(H37/2,2) -> 19207 | T37: =CONCATENATE(0,LEFT(K37,5)) -> 0SR C5 | U37: =MID(K37,9,25)
A38: 08679 - Off Spec Naphtha | B38: 172845 | D38: -62647 | H38: 110197 | J38: =CONCATENATE(0,LEFT(A38,5)) -> 008679 | K38: =MID(A38,9,25) -> Off Spec Naphtha | L38: =ROUND(B38/2,2) -> 86422.5 | M38: =ROUND(C38/2,2) -> 0 | N38: =ROUND(D38/2,2) -> -31323.5 | O38: =ROUND(E38/2,2) -> 0 | P38: =ROUND(F38/2,2) -> 0 | Q38: =ROUND(G38/2,2) -> 0 | R38: =ROUND(H38/2,2) -> 55098.5 | T38: =CONCATENATE(0,LEFT(K38,5)) -> 0Off S | U38: =MID(K38,9,25) -> Naphtha
A39: 08708 - Cat Cracked Clarified Oil | B39: 88302 | D39: 104172 | E39: 143473 | H39: 49000 | J39: =CONCATENATE(0,LEFT(A39,5)) -> 008708 | K39: =MID(A39,9,25) -> Cat Cracked Clarified Oil | L39: =ROUND(B39/2,2) -> 44151 | M39: =ROUND(C39/2,2) -> 0 | N39: =ROUND(D39/2,2) -> 52086 | O39: =ROUND(E39/2,2) -> 71736.5 | P39: =ROUND(F39/2,2) -> 0 | Q39: =ROUND(G39/2,2) -> 0 | R39: =ROUND(H39/2,2) -> 24500 | T39: =CONCATENATE(0,LEFT(K39,5)) -> 0Cat C | U39: =MID(K39,9,25) -> ked Clarified Oil
A40: 08709 - Untreated Light CC Gas Oil | B40: 191156 | D40: -3821 | H40: 187336 | J40: =CONCATENATE(0,LEFT(A40,5)) -> 008709 | K40: =MID(A40,9,25) -> Untreated Light CC Gas Oi | L40: =ROUND(B40/2,2) -> 95578 | M40: =ROUND(C40/2,2) -> 0 | N40: =ROUND(D40/2,2) -> -1910.5 | O40: =ROUND(E40/2,2) -> 0 | P40: =ROUND(F40/2,2) -> 0 | Q40: =ROUND(G40/2,2) -> 0 | R40: =ROUND(H40/2,2) -> 93668 | T40: =CONCATENATE(0,LEFT(K40,5)) -> 0Untre | U40: =MID(K40,9,25) -> d Light CC Gas Oi
A41: 08712 - High Sulfur Cat Cracked Feed | B41: 96933 | D41: 32297 | E41: 45056 | F41: 187 | H41: 83986 | J41: =CONCATENATE(0,LEFT(A41,5)) -> 008712 | K41: =MID(A41,9,25) -> High Sulfur Cat Cracked F | L41: =ROUND(B41/2,2) -> 48466.5 | M41: =ROUND(C41/2,2) -> 0 | N41: =ROUND(D41/2,2) -> 16148.5 | O41: =ROUND(E41/2,2) -> 22528 | P41: =ROUND(F41/2,2) -> 93.5 | Q41: =ROUND(G41/2,2) -> 0 | R41: =ROUND(H41/2,2) -> 41993 | T41: =CONCATENATE(0,LEFT(K41,5)) -> 0High | U41: =MID(K41,9,25) -> fur Cat Cracked F
A42: 08720 - Low Sulfur Cat Cracked Feed | B42: 94011 | D42: -17722 | H42: 76289 | J42: =CONCATENATE(0,LEFT(A42,5)) -> 008720 | K42: =MID(A42,9,25) -> Low Sulfur Cat Cracked Fe | L42: =ROUND(B42/2,2) -> 47005.5 | M42: =ROUND(C42/2,2) -> 0 | N42: =ROUND(D42/2,2) -> -8861 | O42: =ROUND(E42/2,2) -> 0 | P42: =ROUND(F42/2,2) -> 0 | Q42: =ROUND(G42/2,2) -> 0 | R42: =ROUND(H42/2,2) -> 38144.5 | T42: =CONCATENATE(0,LEFT(K42,5)) -> 0Low S | U42: =MID(K42,9,25) -> ur Cat Cracked Fe
A43: 08737 - ST Run Short Residue | B43: 28738 | D43: 2278 | H43: 31016 | J43: =CONCATENATE(0,LEFT(A43,5)) -> 008737 | K43: =MID(A43,9,25) -> ST Run Short Residue | L43: =ROUND(B43/2,2) -> 14369 | M43: =ROUND(C43/2,2) -> 0 | N43: =ROUND(D43/2,2) -> 1139 | O43: =ROUND(E43/2,2) -> 0 | P43: =ROUND(F43/2,2) -> 0 | Q43: =ROUND(G43/2,2) -> 0 | R43: =ROUND(H43/2,2) -> 15508 | T43: =CONCATENATE(0,LEFT(K43,5)) -> 0ST Ru | U43: =MID(K43,9,25) -> hort Residue
A44: 08745 - CKR Light Gas Oil-BL/FD Stock | B44: 34902 | D44: -8864 | H44: 26038 | J44: =CONCATENATE(0,LEFT(A44,5)) -> 008745 | K44: =MID(A44,9,25) -> CKR Light Gas Oil-BL/FD S | L44: =ROUND(B44/2,2) -> 17451 | M44: =ROUND(C44/2,2) -> 0 | N44: =ROUND(D44/2,2) -> -4432 | O44: =ROUND(E44/2,2) -> 0 | P44: =ROUND(F44/2,2) -> 0 | Q44: =ROUND(G44/2,2) -> 0 | R44: =ROUND(H44/2,2) -> 13019 | T44: =CONCATENATE(0,LEFT(K44,5)) -> 0CKR L | U44: =MID(K44,9,25) -> t Gas Oil-BL/FD S
A45: 08771 - Untreated Heavy CC Gas Oil | B45: 32417 | D45: -1772 | H45: 30645 | J45: =CONCATENATE(0,LEFT(A45,5)) -> 008771 | K45: =MID(A45,9,25) -> Untreated Heavy CC Gas Oi | L45: =ROUND(B45/2,2) -> 16208.5 | M45: =ROUND(C45/2,2) -> 0 | N45: =ROUND(D45/2,2) -> -886 | O45: =ROUND(E45/2,2) -> 0 | P45: =ROUND(F45/2,2) -> 0 | Q45: =ROUND(G45/2,2) -> 0 | R45: =ROUND(H45/2,2) -> 15322.5 | T45: =CONCATENATE(0,LEFT(K45,5)) -> 0Untre | U45: =MID(K45,9,25) -> d Heavy CC Gas Oi
A46: 08949 - Natural Gas-Hydro Feed Natural Gas | C46: 60071 | D46: -60071 | J46: =CONCATENATE(0,LEFT(A46,5)) -> 008949 | K46: =MID(A46,9,25) -> Natural Gas-Hydro Feed Na | L46: =ROUND(B46/2,2) -> 0 | M46: =ROUND(C46/2,2) -> 30035.5 | N46: =ROUND(D46/2,2) -> -30035.5 | O46: =ROUND(E46/2,2) -> 0 | P46: =ROUND(F46/2,2) -> 0 | Q46: =ROUND(G46/2,2) -> 0 | R46: =ROUND(H46/2,2) -> 0 | T46: =CONCATENATE(0,LEFT(K46,5)) -> 0Natur | U46: =MID(K46,9,25) -> Gas-Hydro Feed Na
A47: 08951 - Refinery Fuel Gas | D47: 195839 | G47: 195839 | J47: =CONCATENATE(0,LEFT(A47,5)) -> 008951 | K47: =MID(A47,9,25) -> Refinery Fuel Gas | L47: =ROUND(B47/2,2) -> 0 | M47: =ROUND(C47/2,2) -> 0 | N47: =ROUND(D47/2,2) -> 97919.5 | O47: =ROUND(E47/2,2) -> 0 | P47: =ROUND(F47/2,2) -> 0 | Q47: =ROUND(G47/2,2) -> 97919.5 | R47: =ROUND(H47/2,2) -> 0 | T47: =CONCATENATE(0,LEFT(K47,5)) -> 0Refin | U47: =MID(K47,9,25) -> Fuel Gas
A48: 24504 - Untreated Kerosene | B48: 4882 | D48: 25328 | H48: 30210 | J48: =CONCATENATE(0,LEFT(A48,5)) -> 024504 | K48: =MID(A48,9,25) -> Untreated Kerosene | L48: =ROUND(B48/2,2) -> 2441 | M48: =ROUND(C48/2,2) -> 0 | N48: =ROUND(D48/2,2) -> 12664 | O48: =ROUND(E48/2,2) -> 0 | P48: =ROUND(F48/2,2) -> 0 | Q48: =ROUND(G48/2,2) -> 0 | R48: =ROUND(H48/2,2) -> 15105 | T48: =CONCATENATE(0,LEFT(K48,5)) -> 0Untre | U48: =MID(K48,9,25) -> d Kerosene
A49: 26647 - BG PUL 90 RVP>7.8 CONV ETHER 0-2.7 | B49: 63308 | D49: -51368 | H49: 11940 | J49: =CONCATENATE(0,LEFT(A49,5)) -> 026647 | K49: =MID(A49,9,25) -> BG PUL 90 RVP>7.8 CONV ET | L49: =ROUND(B49/2,2) -> 31654 | M49: =ROUND(C49/2,2) -> 0 | N49: =ROUND(D49/2,2) -> -25684 | O49: =ROUND(E49/2,2) -> 0 | P49: =ROUND(F49/2,2) -> 0 | Q49: =ROUND(G49/2,2) -> 0 | R49: =ROUND(H49/2,2) -> 5970 | T49: =CONCATENATE(0,LEFT(K49,5)) -> 0BG PU | U49: =MID(K49,9,25) -> 0 RVP>7.8 CONV ET
A50: 26668 - Winter RBOB - 10% Ethanol | D50: 30 | F50: 30 | J50: =CONCATENATE(0,LEFT(A50,5)) -> 026668 | K50: =MID(A50,9,25) -> Winter RBOB - 10% Ethanol | L50: =ROUND(B50/2,2) -> 0 | M50: =ROUND(C50/2,2) -> 0 | N50: =ROUND(D50/2,2) -> 15 | O50: =ROUND(E50/2,2) -> 0 | P50: =ROUND(F50/2,2) -> 15 | Q50: =ROUND(G50/2,2) -> 0 | R50: =ROUND(H50/2,2) -> 0 | T50: =CONCATENATE(0,LEFT(K50,5)) -> 0Winte | U50: =MID(K50,9,25) -> BOB - 10% Ethanol
A51: 26672 - Shell Turbine Fuel JP-5 | B51: 162802 | D51: 513018 | E51: 579118 | F51: 366 | H51: 96336 | J51: =CONCATENATE(0,LEFT(A51,5)) -> 026672 | K51: =MID(A51,9,25) -> Shell Turbine Fuel JP-5 | L51: =ROUND(B51/2,2) -> 81401 | M51: =ROUND(C51/2,2) -> 0 | N51: =ROUND(D51/2,2) -> 256509 | O51: =ROUND(E51/2,2) -> 289559 | P51: =ROUND(F51/2,2) -> 183 | Q51: =ROUND(G51/2,2) -> 0 | R51: =ROUND(H51/2,2) -> 48168 | T51: =CONCATENATE(0,LEFT(K51,5)) -> 0Shell | U51: =MID(K51,9,25) -> rbine Fuel JP-5
A52: 26797 - Summer RBOB - 10% Ethanol | B52: 237108 | C52: 100000 | D52: 944543 | E52: 1020338 | F52: 1693 | H52: 259620 | J52: =CONCATENATE(0,LEFT(A52,5)) -> 026797 | K52: =MID(A52,9,25) -> Summer RBOB - 10% Ethanol | L52: =ROUND(B52/2,2) -> 118554 | M52: =ROUND(C52/2,2) -> 50000 | N52: =ROUND(D52/2,2) -> 472271.5 | O52: =ROUND(E52/2,2) -> 510169 | P52: =ROUND(F52/2,2) -> 846.5 | Q52: =ROUND(G52/2,2) -> 0 | R52: =ROUND(H52/2,2) -> 129810 | T52: =CONCATENATE(0,LEFT(K52,5)) -> 0Summe | U52: =MID(K52,9,25) -> BOB - 10% Ethanol
A53: 26858 - PMI Gasoline | B53: 236463 | D53: 1334373 | E53: 1325161 | H53: 245675 | J53: =CONCATENATE(0,LEFT(A53,5)) -> 026858 | K53: =MID(A53,9,25) -> PMI Gasoline | L53: =ROUND(B53/2,2) -> 118231.5 | M53: =ROUND(C53/2,2) -> 0 | N53: =ROUND(D53/2,2) -> 667186.5 | O53: =ROUND(E53/2,2) -> 662580.5 | P53: =ROUND(F53/2,2) -> 0 | Q53: =ROUND(G53/2,2) -> 0 | R53: =ROUND(H53/2,2) -> 122837.5 | T53: =CONCATENATE(0,LEFT(K53,5)) -> 0PMI G | U53: =MID(K53,9,25) -> line
A54: 27101 - GN Ultra LS Diesel 2S-15 PPM | B54: 214213 | D54: 2735973 | E54: 2635787 | F54: -1199 | H54: 315598 | J54: =CONCATENATE(0,LEFT(A54,5)) -> 027101 | K54: =MID(A54,9,25) -> GN Ultra LS Diesel 2S-15 | L54: =ROUND(B54/2,2) -> 107106.5 | M54: =ROUND(C54/2,2) -> 0 | N54: =ROUND(D54/2,2) -> 1367986.5 | O54: =ROUND(E54/2,2) -> 1317893.5 | P54: =ROUND(F54/2,2) -> -599.5 | Q54: =ROUND(G54/2,2) -> 0 | R54: =ROUND(H54/2,2) -> 157799 | T54: =CONCATENATE(0,LEFT(K54,5)) -> 0GN Ul | U54: =MID(K54,9,25) -> LS Diesel 2S-15
A55: 34201 - Gas Blend Naphtha DPMC | B55: 86105 | D55: -593 | H55: 85512 | J55: =CONCATENATE(0,LEFT(A55,5)) -> 034201 | K55: =MID(A55,9,25) -> Gas Blend Naphtha DPMC | L55: =ROUND(B55/2,2) -> 43052.5 | M55: =ROUND(C55/2,2) -> 0 | N55: =ROUND(D55/2,2) -> -296.5 | O55: =ROUND(E55/2,2) -> 0 | P55: =ROUND(F55/2,2) -> 0 | Q55: =ROUND(G55/2,2) -> 0 | R55: =ROUND(H55/2,2) -> 42756 | T55: =CONCATENATE(0,LEFT(K55,5)) -> 0Gas B | U55: =MID(K55,9,25) -> d Naphtha DPMC
A56: 34203 - Sales Naphtha | B56: 24450 | D56: 137158 | E56: 56050 | H56: 105558 | J56: =CONCATENATE(0,LEFT(A56,5)) -> 034203 | K56: =MID(A56,9,25) -> Sales Naphtha | L56: =ROUND(B56/2,2) -> 12225 | M56: =ROUND(C56/2,2) -> 0 | N56: =ROUND(D56/2,2) -> 68579 | O56: =ROUND(E56/2,2) -> 28025 | P56: =ROUND(F56/2,2) -> 0 | Q56: =ROUND(G56/2,2) -> 0 | R56: =ROUND(H56/2,2) -> 52779 | T56: =CONCATENATE(0,LEFT(K56,5)) -> 0Sales | U56: =MID(K56,9,25) -> phtha
A57: 34214 - Pyrolysis Heavy Gasoline (C7) | B57: 35461 | D57: -8535 | H57: 26926 | J57: =CONCATENATE(0,LEFT(A57,5)) -> 034214 | K57: =MID(A57,9,25) -> Pyrolysis Heavy Gasoline | L57: =ROUND(B57/2,2) -> 17730.5 | M57: =ROUND(C57/2,2) -> 0 | N57: =ROUND(D57/2,2) -> -4267.5 | O57: =ROUND(E57/2,2) -> 0 | P57: =ROUND(F57/2,2) -> 0 | Q57: =ROUND(G57/2,2) -> 0 | R57: =ROUND(H57/2,2) -> 13463 | T57: =CONCATENATE(0,LEFT(K57,5)) -> 0Pyrol | U57: =MID(K57,9,25) -> s Heavy Gasoline
A58: 36515 - Med Sulfur Cat Cracked Feed | B58: 253088 | D58: -19867 | H58: 233221 | J58: =CONCATENATE(0,LEFT(A58,5)) -> 036515 | K58: =MID(A58,9,25) -> Med Sulfur Cat Cracked Fe | L58: =ROUND(B58/2,2) -> 126544 | M58: =ROUND(C58/2,2) -> 0 | N58: =ROUND(D58/2,2) -> -9933.5 | O58: =ROUND(E58/2,2) -> 0 | P58: =ROUND(F58/2,2) -> 0 | Q58: =ROUND(G58/2,2) -> 0 | R58: =ROUND(H58/2,2) -> 116610.5 | T58: =CONCATENATE(0,LEFT(K58,5)) -> 0Med S | U58: =MID(K58,9,25) -> ur Cat Cracked Fe
A59: 41055 - BG PUL 91.4 RVP>7.8 CBOB ETOH 3.5-4.0 | D59: 99633 | E59: 99633 | J59: =CONCATENATE(0,LEFT(A59,5)) -> 041055 | K59: =MID(A59,9,25) -> BG PUL 91.4 RVP>7.8 CBOB | L59: =ROUND(B59/2,2) -> 0 | M59: =ROUND(C59/2,2) -> 0 | N59: =ROUND(D59/2,2) -> 49816.5 | O59: =ROUND(E59/2,2) -> 49816.5 | P59: =ROUND(F59/2,2) -> 0 | Q59: =ROUND(G59/2,2) -> 0 | R59: =ROUND(H59/2,2) -> 0 | T59: =CONCATENATE(0,LEFT(K59,5)) -> 0BG PU | U59: =MID(K59,9,25) -> 1.4 RVP>7.8 CBOB
A60: 41315 - Residual Blendstock | B60: 274528 | D60: 1341568 | E60: 1531954 | H60: 84142 | J60: =CONCATENATE(0,LEFT(A60,5)) -> 041315 | K60: =MID(A60,9,25) -> Residual Blendstock | L60: =ROUND(B60/2,2) -> 137264 | M60: =ROUND(C60/2,2) -> 0 | N60: =ROUND(D60/2,2) -> 670784 | O60: =ROUND(E60/2,2) -> 765977 | P60: =ROUND(F60/2,2) -> 0 | Q60: =ROUND(G60/2,2) -> 0 | R60: =ROUND(H60/2,2) -> 42071 | T60: =CONCATENATE(0,LEFT(K60,5)) -> 0Resid | U60: =MID(K60,9,25) -> Blendstock
A61: 41430 - Misc Cutter Stock | B61: 48360 | C61: 500915 | D61: -476223 | F61: -693 | H61: 73744 | J61: =CONCATENATE(0,LEFT(A61,5)) -> 041430 | K61: =MID(A61,9,25) -> Misc Cutter Stock | L61: =ROUND(B61/2,2) -> 24180 | M61: =ROUND(C61/2,2) -> 250457.5 | N61: =ROUND(D61/2,2) -> -238111.5 | O61: =ROUND(E61/2,2) -> 0 | P61: =ROUND(F61/2,2) -> -346.5 | Q61: =ROUND(G61/2,2) -> 0 | R61: =ROUND(H61/2,2) -> 36872 | T61: =CONCATENATE(0,LEFT(K61,5)) -> 0Misc | U61: =MID(K61,9,25) -> ter Stock
A62: 41604 - Vaccum Flasher Pitch | B62: 27015 | D62: 2348 | H62: 29363 | J62: =CONCATENATE(0,LEFT(A62,5)) -> 041604 | K62: =MID(A62,9,25) -> Vaccum Flasher Pitch | L62: =ROUND(B62/2,2) -> 13507.5 | M62: =ROUND(C62/2,2) -> 0 | N62: =ROUND(D62/2,2) -> 1174 | O62: =ROUND(E62/2,2) -> 0 | P62: =ROUND(F62/2,2) -> 0 | Q62: =ROUND(G62/2,2) -> 0 | R62: =ROUND(H62/2,2) -> 14681.5 | T62: =CONCATENATE(0,LEFT(K62,5)) -> 0Vaccu | U62: =MID(K62,9,25) -> lasher Pitch
A63: 50029 - Forcados | B63: 7390 | C63: 996902 | D63: -469266 | H63: 535026 | J63: =CONCATENATE(0,LEFT(A63,5)) -> 050029 | K63: =MID(A63,9,25) -> Forcados | L63: =ROUND(B63/2,2) -> 3695 | M63: =ROUND(C63/2,2) -> 498451 | N63: =ROUND(D63/2,2) -> -234633 | O63: =ROUND(E63/2,2) -> 0 | P63: =ROUND(F63/2,2) -> 0 | Q63: =ROUND(G63/2,2) -> 0 | R63: =ROUND(H63/2,2) -> 267513 | T63: =CONCATENATE(0,LEFT(K63,5)) -> 0Forca | U63: =MID(K63,9,25)
A64: 50351 - Low Sulfur Cat Gasoline | B64: 72900 | D64: 537 | H64: 73437 | J64: =CONCATENATE(0,LEFT(A64,5)) -> 050351 | K64: =MID(A64,9,25) -> Low Sulfur Cat Gasoline | L64: =ROUND(B64/2,2) -> 36450 | M64: =ROUND(C64/2,2) -> 0 | N64: =ROUND(D64/2,2) -> 268.5 | O64: =ROUND(E64/2,2) -> 0 | P64: =ROUND(F64/2,2) -> 0 | Q64: =ROUND(G64/2,2) -> 0 | R64: =ROUND(H64/2,2) -> 36718.5 | T64: =CONCATENATE(0,LEFT(K64,5)) -> 0Low S | U64: =MID(K64,9,25) -> ur Cat Gasoline
A65: 50360 - Reformate for Blending | B65: 60639 | D65: 97214 | E65: 49234 | H65: 108618 | J65: =CONCATENATE(0,LEFT(A65,5)) -> 050360 | K65: =MID(A65,9,25) -> Reformate for Blending | L65: =ROUND(B65/2,2) -> 30319.5 | M65: =ROUND(C65/2,2) -> 0 | N65: =ROUND(D65/2,2) -> 48607 | O65: =ROUND(E65/2,2) -> 24617 | P65: =ROUND(F65/2,2) -> 0 | Q65: =ROUND(G65/2,2) -> 0 | R65: =ROUND(H65/2,2) -> 54309 | T65: =CONCATENATE(0,LEFT(K65,5)) -> 0Refor | U65: =MID(K65,9,25) -> e for Blending
A66: 50362 - Light High Octane Platformate | B66: 90777 | D66: -16108 | H66: 74669 | J66: =CONCATENATE(0,LEFT(A66,5)) -> 050362 | K66: =MID(A66,9,25) -> Light High Octane Platfor | L66: =ROUND(B66/2,2) -> 45388.5 | M66: =ROUND(C66/2,2) -> 0 | N66: =ROUND(D66/2,2) -> -8054 | O66: =ROUND(E66/2,2) -> 0 | P66: =ROUND(F66/2,2) -> 0 | Q66: =ROUND(G66/2,2) -> 0 | R66: =ROUND(H66/2,2) -> 37334.5 | T66: =CONCATENATE(0,LEFT(K66,5)) -> 0Light | U66: =MID(K66,9,25) -> gh Octane Platfor
A67: 50364 - CR-3 Feed | B67: 95602 | D67: 35046 | H67: 130648 | J67: =CONCATENATE(0,LEFT(A67,5)) -> 050364 | K67: =MID(A67,9,25) -> CR-3 Feed | L67: =ROUND(B67/2,2) -> 47801 | M67: =ROUND(C67/2,2) -> 0 | N67: =ROUND(D67/2,2) -> 17523 | O67: =ROUND(E67/2,2) -> 0 | P67: =ROUND(F67/2,2) -> 0 | Q67: =ROUND(G67/2,2) -> 0 | R67: =ROUND(H67/2,2) -> 65324 | T67: =CONCATENATE(0,LEFT(K67,5)) -> 0CR-3 | U67: =MID(K67,9,25) -> d
A68: 82396 - Bonga Crude | B68: 1280873 | C68: 499886 | D68: -1227314 | H68: 553446 | J68: =CONCATENATE(0,LEFT(A68,5)) -> 082396 | K68: =MID(A68,9,25) -> Bonga Crude | L68: =ROUND(B68/2,2) -> 640436.5 | M68: =ROUND(C68/2,2) -> 249943 | N68: =ROUND(D68/2,2) -> -613657 | O68: =ROUND(E68/2,2) -> 0 | P68: =ROUND(F68/2,2) -> 0 | Q68: =ROUND(G68/2,2) -> 0 | R68: =ROUND(H68/2,2) -> 276723 | T68: =CONCATENATE(0,LEFT(K68,5)) -> 0Bonga | U68: =MID(K68,9,25) -> ude
A69: 86666 - CD Hydro Tops | B69: 101568 | D69: 4170 | H69: 105738 | J69: =CONCATENATE(0,LEFT(A69,5)) -> 086666 | K69: =MID(A69,9,25) -> CD Hydro Tops | L69: =ROUND(B69/2,2) -> 50784 | M69: =ROUND(C69/2,2) -> 0 | N69: =ROUND(D69/2,2) -> 2085 | O69: =ROUND(E69/2,2) -> 0 | P69: =ROUND(F69/2,2) -> 0 | Q69: =ROUND(G69/2,2) -> 0 | R69: =ROUND(H69/2,2) -> 52869 | T69: =CONCATENATE(0,LEFT(K69,5)) -> 0CD Hy | U69: =MID(K69,9,25) -> Tops
A70: 87035 - Untreated CCU Dry Gas | D70: 77692 | E70: 77692 | J70: =CONCATENATE(0,LEFT(A70,5)) -> 087035 | K70: =MID(A70,9,25) -> Untreated CCU Dry Gas | L70: =ROUND(B70/2,2) -> 0 | M70: =ROUND(C70/2,2) -> 0 | N70: =ROUND(D70/2,2) -> 38846 | O70: =ROUND(E70/2,2) -> 38846 | P70: =ROUND(F70/2,2) -> 0 | Q70: =ROUND(G70/2,2) -> 0 | R70: =ROUND(H70/2,2) -> 0 | T70: =CONCATENATE(0,LEFT(K70,5)) -> 0Untre | U70: =MID(K70,9,25) -> d CCU Dry Gas
A71: 87040 - DCU Off Gas (old-Coker/PSA vent gas to OP2 | D71: 318549 | E71: 318549 | J71: =CONCATENATE(0,LEFT(A71,5)) -> 087040 | K71: =MID(A71,9,25) -> DCU Off Gas (old-Coker/PS | L71: =ROUND(B71/2,2) -> 0 | M71: =ROUND(C71/2,2) -> 0 | N71: =ROUND(D71/2,2) -> 159274.5 | O71: =ROUND(E71/2,2) -> 159274.5 | P71: =ROUND(F71/2,2) -> 0 | Q71: =ROUND(G71/2,2) -> 0 | R71: =ROUND(H71/2,2) -> 0 | T71: =CONCATENATE(0,LEFT(K71,5)) -> 0DCU O | U71: =MID(K71,9,25) -> Gas (old-Coker/PS
A72: 87045 - OP-2 PSA Hydrogen | C72: 13410 | D72: -13410 | J72: =CONCATENATE(0,LEFT(A72,5)) -> 087045 | K72: =MID(A72,9,25) -> OP-2 PSA Hydrogen | L72: =ROUND(B72/2,2) -> 0 | M72: =ROUND(C72/2,2) -> 6705 | N72: =ROUND(D72/2,2) -> -6705 | O72: =ROUND(E72/2,2) -> 0 | P72: =ROUND(F72/2,2) -> 0 | Q72: =ROUND(G72/2,2) -> 0 | R72: =ROUND(H72/2,2) -> 0 | T72: =CONCATENATE(0,LEFT(K72,5)) -> 0OP-2 | U72: =MID(K72,9,25) -> Hydrogen
A73: 87466 - Toluene Concentrate | C73: 199940 | D73: -199940 | J73: =CONCATENATE(0,LEFT(A73,5)) -> 087466 | K73: =MID(A73,9,25) -> Toluene Concentrate | L73: =ROUND(B73/2,2) -> 0 | M73: =ROUND(C73/2,2) -> 99970 | N73: =ROUND(D73/2,2) -> -99970 | O73: =ROUND(E73/2,2) -> 0 | P73: =ROUND(F73/2,2) -> 0 | Q73: =ROUND(G73/2,2) -> 0 | R73: =ROUND(H73/2,2) -> 0 | T73: =CONCATENATE(0,LEFT(K73,5)) -> 0Tolue | U73: =MID(K73,9,25) -> Concentrate
A74: 87476 - BB Hytrt H2 to Chem-DPMCBB | D74: 5198 | E74: 5198 | J74: =CONCATENATE(0,LEFT(A74,5)) -> 087476 | K74: =MID(A74,9,25) -> BB Hytrt H2 to Chem-DPMCB | L74: =ROUND(B74/2,2) -> 0 | M74: =ROUND(C74/2,2) -> 0 | N74: =ROUND(D74/2,2) -> 2599 | O74: =ROUND(E74/2,2) -> 2599 | P74: =ROUND(F74/2,2) -> 0 | Q74: =ROUND(G74/2,2) -> 0 | R74: =ROUND(H74/2,2) -> 0 | T74: =CONCATENATE(0,LEFT(K74,5)) -> 0BB Hy | U74: =MID(K74,9,25) -> H2 to Chem-DPMCB
A75: 87501 - Normal Butane to OP-II | D75: 243 | E75: 243 | J75: =CONCATENATE(0,LEFT(A75,5)) -> 087501 | K75: =MID(A75,9,25) -> Normal Butane to OP-II | L75: =ROUND(B75/2,2) -> 0 | M75: =ROUND(C75/2,2) -> 0 | N75: =ROUND(D75/2,2) -> 121.5 | O75: =ROUND(E75/2,2) -> 121.5 | P75: =ROUND(F75/2,2) -> 0 | Q75: =ROUND(G75/2,2) -> 0 | R75: =ROUND(H75/2,2) -> 0 | T75: =CONCATENATE(0,LEFT(K75,5)) -> 0Norma | U75: =MID(K75,9,25) -> utane to OP-II
A76: 87546 - Phenol Light Ends to CCU Phenol | C76: 377 | D76: -377 | J76: =CONCATENATE(0,LEFT(A76,5)) -> 087546 | K76: =MID(A76,9,25) -> Phenol Light Ends to CCU | L76: =ROUND(B76/2,2) -> 0 | M76: =ROUND(C76/2,2) -> 188.5 | N76: =ROUND(D76/2,2) -> -188.5 | O76: =ROUND(E76/2,2) -> 0 | P76: =ROUND(F76/2,2) -> 0 | Q76: =ROUND(G76/2,2) -> 0 | R76: =ROUND(H76/2,2) -> 0 | T76: =CONCATENATE(0,LEFT(K76,5)) -> 0Pheno | U76: =MID(K76,9,25) -> ight Ends to CCU
A77: 87547 - C5 Gasoline EX HT-3 | C77: 167818 | D77: -167818 | J77: =CONCATENATE(0,LEFT(A77,5)) -> 087547 | K77: =MID(A77,9,25) -> C5 Gasoline EX HT-3 | L77: =ROUND(B77/2,2) -> 0 | M77: =ROUND(C77/2,2) -> 83909 | N77: =ROUND(D77/2,2) -> -83909 | O77: =ROUND(E77/2,2) -> 0 | P77: =ROUND(F77/2,2) -> 0 | Q77: =ROUND(G77/2,2) -> 0 | R77: =ROUND(H77/2,2) -> 0 | T77: =CONCATENATE(0,LEFT(K77,5)) -> 0C5 Ga | U77: =MID(K77,9,25) -> ine EX HT-3
A78: 87548 - MXC4 Butylenes | C78: 60009 | D78: -60009 | J78: =CONCATENATE(0,LEFT(A78,5)) -> 087548 | K78: =MID(A78,9,25) -> MXC4 Butylenes | L78: =ROUND(B78/2,2) -> 0 | M78: =ROUND(C78/2,2) -> 30004.5 | N78: =ROUND(D78/2,2) -> -30004.5 | O78: =ROUND(E78/2,2) -> 0 | P78: =ROUND(F78/2,2) -> 0 | Q78: =ROUND(G78/2,2) -> 0 | R78: =ROUND(H78/2,2) -> 0 | T78: =CONCATENATE(0,LEFT(K78,5)) -> 0MXC4 | U78: =MID(K78,9,25) -> ylenes
A79: 87555 - Phenol C3 TO SGP | C79: 44223 | D79: -44223 | J79: =CONCATENATE(0,LEFT(A79,5)) -> 087555 | K79: =MID(A79,9,25) -> Phenol C3 TO SGP | L79: =ROUND(B79/2,2) -> 0 | M79: =ROUND(C79/2,2) -> 22111.5 | N79: =ROUND(D79/2,2) -> -22111.5 | O79: =ROUND(E79/2,2) -> 0 | P79: =ROUND(F79/2,2) -> 0 | Q79: =ROUND(G79/2,2) -> 0 | R79: =ROUND(H79/2,2) -> 0 | T79: =CONCATENATE(0,LEFT(K79,5)) -> 0Pheno | U79: =MID(K79,9,25) -> 3 TO SGP
A80: 87574 - CR-3 Reformate | D80: 574502 | E80: 574502 | J80: =CONCATENATE(0,LEFT(A80,5)) -> 087574 | K80: =MID(A80,9,25) -> CR-3 Reformate | L80: =ROUND(B80/2,2) -> 0 | M80: =ROUND(C80/2,2) -> 0 | N80: =ROUND(D80/2,2) -> 287251 | O80: =ROUND(E80/2,2) -> 287251 | P80: =ROUND(F80/2,2) -> 0 | Q80: =ROUND(G80/2,2) -> 0 | R80: =ROUND(H80/2,2) -> 0 | T80: =CONCATENATE(0,LEFT(K80,5)) -> 0CR-3 | U80: =MID(K80,9,25) -> ormate
A81: 87591 - Low Sulfur Diesel | D81: 11578 | E81: 11578 | J81: =CONCATENATE(0,LEFT(A81,5)) -> 087591 | K81: =MID(A81,9,25) -> Low Sulfur Diesel | L81: =ROUND(B81/2,2) -> 0 | M81: =ROUND(C81/2,2) -> 0 | N81: =ROUND(D81/2,2) -> 5789 | O81: =ROUND(E81/2,2) -> 5789 | P81: =ROUND(F81/2,2) -> 0 | Q81: =ROUND(G81/2,2) -> 0 | R81: =ROUND(H81/2,2) -> 0 | T81: =CONCATENATE(0,LEFT(K81,5)) -> 0Low S | U81: =MID(K81,9,25) -> ur Diesel
A82: 87604 - BASF Butylenes | C82: 40762 | D82: -40762 | J82: =CONCATENATE(0,LEFT(A82,5)) -> 087604 | K82: =MID(A82,9,25) -> BASF Butylenes | L82: =ROUND(B82/2,2) -> 0 | M82: =ROUND(C82/2,2) -> 20381 | N82: =ROUND(D82/2,2) -> -20381 | O82: =ROUND(E82/2,2) -> 0 | P82: =ROUND(F82/2,2) -> 0 | Q82: =ROUND(G82/2,2) -> 0 | R82: =ROUND(H82/2,2) -> 0 | T82: =CONCATENATE(0,LEFT(K82,5)) -> 0BASF | U82: =MID(K82,9,25) -> ylenes
A83: 87640 - GOHT Bottoms | D83: 111996 | E83: 111996 | J83: =CONCATENATE(0,LEFT(A83,5)) -> 087640 | K83: =MID(A83,9,25) -> GOHT Bottoms | L83: =ROUND(B83/2,2) -> 0 | M83: =ROUND(C83/2,2) -> 0 | N83: =ROUND(D83/2,2) -> 55998 | O83: =ROUND(E83/2,2) -> 55998 | P83: =ROUND(F83/2,2) -> 0 | Q83: =ROUND(G83/2,2) -> 0 | R83: =ROUND(H83/2,2) -> 0 | T83: =CONCATENATE(0,LEFT(K83,5)) -> 0GOHT | U83: =MID(K83,9,25) -> toms
A84: 87644 - OP2 Hydrogen to Oil | C84: 40809 | D84: -40809 | J84: =CONCATENATE(0,LEFT(A84,5)) -> 087644 | K84: =MID(A84,9,25) -> OP2 Hydrogen to Oil | L84: =ROUND(B84/2,2) -> 0 | M84: =ROUND(C84/2,2) -> 20404.5 | N84: =ROUND(D84/2,2) -> -20404.5 | O84: =ROUND(E84/2,2) -> 0 | P84: =ROUND(F84/2,2) -> 0 | Q84: =ROUND(G84/2,2) -> 0 | R84: =ROUND(H84/2,2) -> 0 | T84: =CONCATENATE(0,LEFT(K84,5)) -> 0OP2 H | U84: =MID(K84,9,25) -> ogen to Oil
A85: 87648 - Raffinate to Olefins | C85: 221439 | D85: -221439 | J85: =CONCATENATE(0,LEFT(A85,5)) -> 087648 | K85: =MID(A85,9,25) -> Raffinate to Olefins | L85: =ROUND(B85/2,2) -> 0 | M85: =ROUND(C85/2,2) -> 110719.5 | N85: =ROUND(D85/2,2) -> -110719.5 | O85: =ROUND(E85/2,2) -> 0 | P85: =ROUND(F85/2,2) -> 0 | Q85: =ROUND(G85/2,2) -> 0 | R85: =ROUND(H85/2,2) -> 0 | T85: =CONCATENATE(0,LEFT(K85,5)) -> 0Raffi | U85: =MID(K85,9,25) -> e to Olefins
A86: 87656 - CCRA Dry gas DP | D86: 64962 | E86: 64962 | J86: =CONCATENATE(0,LEFT(A86,5)) -> 087656 | K86: =MID(A86,9,25) -> CCRA Dry gas DP | L86: =ROUND(B86/2,2) -> 0 | M86: =ROUND(C86/2,2) -> 0 | N86: =ROUND(D86/2,2) -> 32481 | O86: =ROUND(E86/2,2) -> 32481 | P86: =ROUND(F86/2,2) -> 0 | Q86: =ROUND(G86/2,2) -> 0 | R86: =ROUND(H86/2,2) -> 0 | T86: =CONCATENATE(0,LEFT(K86,5)) -> 0CCRA | U86: =MID(K86,9,25) -> gas DP
A87: 87669 - SEL HC Gas Oil to Olefins | D87: 233157 | E87: 233157 | J87: =CONCATENATE(0,LEFT(A87,5)) -> 087669 | K87: =MID(A87,9,25) -> SEL HC Gas Oil to Olefins | L87: =ROUND(B87/2,2) -> 0 | M87: =ROUND(C87/2,2) -> 0 | N87: =ROUND(D87/2,2) -> 116578.5 | O87: =ROUND(E87/2,2) -> 116578.5 | P87: =ROUND(F87/2,2) -> 0 | Q87: =ROUND(G87/2,2) -> 0 | R87: =ROUND(H87/2,2) -> 0 | T87: =CONCATENATE(0,LEFT(K87,5)) -> 0SEL H | U87: =MID(K87,9,25) -> as Oil to Olefins
A88: 87981 - Hydrogen to Chemical | D88: 13607 | E88: 13607 | J88: =CONCATENATE(0,LEFT(A88,5)) -> 087981 | K88: =MID(A88,9,25) -> Hydrogen to Chemical | L88: =ROUND(B88/2,2) -> 0 | M88: =ROUND(C88/2,2) -> 0 | N88: =ROUND(D88/2,2) -> 6803.5 | O88: =ROUND(E88/2,2) -> 6803.5 | P88: =ROUND(F88/2,2) -> 0 | Q88: =ROUND(G88/2,2) -> 0 | R88: =ROUND(H88/2,2) -> 0 | T88: =CONCATENATE(0,LEFT(K88,5)) -> 0Hydro | U88: =MID(K88,9,25) -> to Chemical
A89: 87990 - C7 Plus Gasoline EX HT-2 | C89: 240253 | D89: -240253 | J89: =CONCATENATE(0,LEFT(A89,5)) -> 087990 | K89: =MID(A89,9,25) -> C7 Plus Gasoline EX HT-2 | L89: =ROUND(B89/2,2) -> 0 | M89: =ROUND(C89/2,2) -> 120126.5 | N89: =ROUND(D89/2,2) -> -120126.5 | O89: =ROUND(E89/2,2) -> 0 | P89: =ROUND(F89/2,2) -> 0 | Q89: =ROUND(G89/2,2) -> 0 | R89: =ROUND(H89/2,2) -> 0 | T89: =CONCATENATE(0,LEFT(K89,5)) -> 0C7 Pl | U89: =MID(K89,9,25) -> Gasoline EX HT-2
A90: 87992 - HT-2/3 Hydrogen | C90: 19390 | D90: -19390 | J90: =CONCATENATE(0,LEFT(A90,5)) -> 087992 | K90: =MID(A90,9,25) -> HT-2/3 Hydrogen | L90: =ROUND(B90/2,2) -> 0 | M90: =ROUND(C90/2,2) -> 9695 | N90: =ROUND(D90/2,2) -> -9695 | O90: =ROUND(E90/2,2) -> 0 | P90: =ROUND(F90/2,2) -> 0 | Q90: =ROUND(G90/2,2) -> 0 | R90: =ROUND(H90/2,2) -> 0 | T90: =CONCATENATE(0,LEFT(K90,5)) -> 0HT-2/ | U90: =MID(K90,9,25) -> ydrogen
A91: 92000 - Shell Propane-HD-5 | B91: 8360 | D91: 157064 | E91: 154630 | H91: 10794 | J91: =CONCATENATE(0,LEFT(A91,5)) -> 092000 | K91: =MID(A91,9,25) -> Shell Propane-HD-5 | L91: =ROUND(B91/2,2) -> 4180 | M91: =ROUND(C91/2,2) -> 0 | N91: =ROUND(D91/2,2) -> 78532 | O91: =ROUND(E91/2,2) -> 77315 | P91: =ROUND(F91/2,2) -> 0 | Q91: =ROUND(G91/2,2) -> 0 | R91: =ROUND(H91/2,2) -> 5397 | T91: =CONCATENATE(0,LEFT(K91,5)) -> 0Shell | U91: =MID(K91,9,25) -> opane-HD-5
A92: 92107 - Normal Butane | B92: 28263 | D92: 202701 | E92: 204656 | H92: 26309 | J92: =CONCATENATE(0,LEFT(A92,5)) -> 092107 | K92: =MID(A92,9,25) -> Normal Butane | L92: =ROUND(B92/2,2) -> 14131.5 | M92: =ROUND(C92/2,2) -> 0 | N92: =ROUND(D92/2,2) -> 101350.5 | O92: =ROUND(E92/2,2) -> 102328 | P92: =ROUND(F92/2,2) -> 0 | Q92: =ROUND(G92/2,2) -> 0 | R92: =ROUND(H92/2,2) -> 13154.5 | T92: =CONCATENATE(0,LEFT(K92,5)) -> 0Norma | U92: =MID(K92,9,25) -> utane
A93: 92550 - SH.PROP/PROPY-UNODOR | D93: 167222 | E93: 167222 | J93: =CONCATENATE(0,LEFT(A93,5)) -> 092550 | K93: =MID(A93,9,25) -> SH.PROP/PROPY-UNODOR | L93: =ROUND(B93/2,2) -> 0 | M93: =ROUND(C93/2,2) -> 0 | N93: =ROUND(D93/2,2) -> 83611 | O93: =ROUND(E93/2,2) -> 83611 | P93: =ROUND(F93/2,2) -> 0 | Q93: =ROUND(G93/2,2) -> 0 | R93: =ROUND(H93/2,2) -> 0 | T93: =CONCATENATE(0,LEFT(K93,5)) -> 0SH.PR | U93: =MID(K93,9,25) -> PROPY-UNODOR
A94: 92606 - Isobutane | B94: 44515 | C94: 105218 | D94: -116989 | H94: 32745 | J94: =CONCATENATE(0,LEFT(A94,5)) -> 092606 | K94: =MID(A94,9,25) -> Isobutane | L94: =ROUND(B94/2,2) -> 22257.5 | M94: =ROUND(C94/2,2) -> 52609 | N94: =ROUND(D94/2,2) -> -58494.5 | O94: =ROUND(E94/2,2) -> 0 | P94: =ROUND(F94/2,2) -> 0 | Q94: =ROUND(G94/2,2) -> 0 | R94: =ROUND(H94/2,2) -> 16372.5 | T94: =CONCATENATE(0,LEFT(K94,5)) -> 0Isobu | U94: =MID(K94,9,25) -> e
B101: =SUM(B2:B100) -> 8316558 | C101: =SUM(C2:C100) -> 11455230 | D101: =SUM(D2:D100) -> 802061 | E101: =SUM(E2:E100) -> 12632952 | F101: =SUM(F2:F100) -> 28615 | G101: =SUM(G2:G100) -> 273219 | H101: =SUM(H2:H100) -> 7639060
C102: =C101-C2-C3-C12 -> 11455230 | E102: =E101-E2-E3-E12 -> 12632952
L112: =SUM(L2:L111) -> 4158279 | M112: =SUM(M2:M111) -> 5727615 | N112: =SUM(N2:N111) -> 401030.5 | O112: =SUM(O2:O111) -> 6316476 | P112: =SUM(P2:P111) -> 14307.5 | Q112: =SUM(Q2:Q111) -> 136609.5 | R112: =SUM(R2:R111) -> 3819530
L113: =(+B112/2)-L112 -> -4158279 | M113: =(+C112/2)-M112 -> -5727615 | N113: =(+D112/2)-N112 -> -401030.5 | O113: =(+E112/2)-O112 -> -6316476 | P113: =(+F112/2)-P112 -> -14307.5 | Q113: =(+G112/2)-Q112 -> -136609.5 | R113: =(+H112/2)-R112 -> -3819530

Sheet S-3
A2: Shell Deer Park Refining Company
A3: Sales to 3rd Party by Material
F4: S-3
A7: 40725
A8: Material No | B8: BBL Qty | C8: Amount
A9: 306 | B9: 99637.27 | C9: 14513142
A10: 351 | B10: 1128300.2 | C10: 1.3454812e+08
A11: 429 | B11: 39621 | C11: 4889398.4
A12: 646 | B12: 295368.33 | C12: 38425268
A13: 866 | B13: 1356647.1 | C13: 25870627
A14: 1046 | B14: 71199.554 | C14: 4443521.9
A15: 8048 | B15: 53008.19 | C15: 7050163.5
A16: 8199 | B16: 3.6379788e-12 | C16: 0
A17: 8708 | B17: 143473.4 | C17: 13847698
A18: 26672 | B18: 579117.75 | C18: 76008700
A19: 26797 | B19: 1020337.6 | C19: 1.2462647e+08
A20: 26858 | B20: 1325160.9 | C20: 1.5681945e+08
... A41: 87591 | B41: 11578.37 | C41: 1476739
B48: 0 | C48: 0
B53: =SUM(B9:B52) -> 12570959 | C53: =SUM(C9:C52) -> 1.300445e+09

Sheet P-3
A2: Shell Deer Park Refining Company
A3: 3rd Party Purchases Summary by Material
D4: P-3
A6: 40756
A7: Material No | B7: Qty BBL | C7: Amount
A8: 204 | B8: 325073.57 | C8: 29940577
A9: 280 | B9: 3454521.5 | C9: 3.3634636e+08
A10: 351 | B10: 175000 | C10: 21682500
A11: 863 | B11: 79543.858 | C11: 4360077.1
A12: 1048 | B12: 30999.257 | C12: 0
A13: 8162 | B13: 77791 | C13: 7679276.1
A14: 8720 | B14: 0 | C14: 34899.12
A15: 8949 | B15: 33327.448 | C15: 973347.7
A16: 26797 | B16: 100000 | C16: 12390000
A17: 41430 | B17: 500914.72 | C17: 55115972
A18: 50029 | B18: 996902 | C18: 1.2349722e+08
A19: 82396 | B19: 499886 | C19: 59319425
... A37: 50392 | B37: 0 | C37: 0
B47: =SUM(B8:B46) -> 8004960.6 | C47: =SUM(C8:C46) -> 8.4367698e+08

Sheet Validation
C1: SHARE Shipments Vs 3rd Party Sales | G1: SHARE Receipts Vs 3rd Party Purchases
A2: 000110 | B2: Ballast Water | C2: =SUMIF('Physical - BBLS'!J:J,A2,'Physical - BBLS'!E:E) -> 0 | D2: =SUMIF('S-3'!A:A,A2,'S-3'!B:B) -> 0 | E2: =+D2-C2 -> 0 | G2: =SUMIF('Physical - BBLS'!J:J,A2,'Physical - BBLS'!C:C) -> 0 | H2: =SUMIF('P-3'!A:A,A2,'P-3'!B:B) -> 0 | I2: =+H2-G2 -> 0
A3: 000130 | B3: JP-5 ANTIICANT | C3: =SUMIF('Physical - BBLS'!J:J,A3,'Physical - BBLS'!E:E) -> 0 | D3: =SUMIF('S-3'!A:A,A3,'S-3'!B:B) -> 0 | E3: =+D3-C3 -> 0 | G3: =SUMIF('Physical - BBLS'!J:J,A3,'Physical - BBLS'!C:C) -> 0 | H3: =SUMIF('P-3'!A:A,A3,'P-3'!B:B) -> 0 | I3: =+H3-G3 -> 0
A4: 000204 | B4: Napo | C4: =SUMIF('Physical - BBLS'!J:J,A4,'Physical - BBLS'!E:E) -> 0 | D4: =SUMIF('S-3'!A:A,A4,'S-3'!B:B) -> 0 | E4: =+D4-C4 -> 0 | G4: =SUMIF('Physical - BBLS'!J:J,A4,'Physical - BBLS'!C:C) -> 325074 | H4: =SUMIF('P-3'!A:A,A4,'P-3'!B:B) -> 325073.57 | I4: =+H4-G4 -> -0.43
A5: 000206 | B5: Hoops | C5: =SUMIF('Physical - BBLS'!J:J,A5,'Physical - BBLS'!E:E) -> 0 | D5: =SUMIF('S-3'!A:A,A5,'S-3'!B:B) -> 0 | E5: =+D5-C5 -> 0 | G5: =SUMIF('Physical - BBLS'!J:J,A5,'Physical - BBLS'!C:C) -> 199292 | H5: =SUMIF('P-3'!A:A,A5,'P-3'!B:B) -> 199291.59 | I5: =+H5-G5 -> -0.41
A6: 000215 | B6: Cold Lake Blend Crude (Ca | C6: =SUMIF('Physical - BBLS'!J:J,A6,'Physical - BBLS'!E:E) -> 0 | D6: =SUMIF('S-3'!A:A,A6,'S-3'!B:B) -> 0 | E6: =+D6-C6 -> 0 | G6: =SUMIF('Physical - BBLS'!J:J,A6,'Physical - BBLS'!C:C) -> 119656 | H6: =SUMIF('P-3'!A:A,A6,'P-3'!B:B) -> 119655.53 | I6: =+H6-G6 -> -0.47
A7: 000252 | B7: Mars Crude | C7: =SUMIF('Physical - BBLS'!J:J,A7,'Physical - BBLS'!E:E) -> 0 | D7: =SUMIF('S-3'!A:A,A7,'S-3'!B:B) -> 0 | E7: =+D7-C7 -> 0 | G7: =SUMIF('Physical - BBLS'!J:J,A7,'Physical - BBLS'!C:C) -> -154 | H7: =SUMIF('P-3'!A:A,A7,'P-3'!B:B) -> -153.66 | I7: =+H7-G7 -> 0.34
A8: 000280 | B8: Maya | C8: =SUMIF('Physical - BBLS'!J:J,A8,'Physical - BBLS'!E:E) -> 0 | D8: =SUMIF('S-3'!A:A,A8,'S-3'!B:B) -> 0 | E8: =+D8-C8 -> 0 | G8: =SUMIF('Physical - BBLS'!J:J,A8,'Physical - BBLS'!C:C) -> 6909043 | H8: =SUMIF('P-3'!A:A,A8,'P-3'!B:B) -> 3454521.5 | I8: =+H8-G8 -> -3454521.5 | J8: Pecten Invoice
A9: 000306 | B9: Toluene for gasoline blen | C9: =SUMIF('Physical - BBLS'!J:J,A9,'Physical - BBLS'!E:E) -> 99637 | D9: =SUMIF('S-3'!A:A,A9,'S-3'!B:B) -> 99637.27 | E9: =+D9-C9 -> 0.27 | G9: =SUMIF('Physical - BBLS'!J:J,A9,'Physical - BBLS'!C:C) -> 0 | H9: =SUMIF('P-3'!A:A,A9,'P-3'!B:B) -> 0 | I9: =+H9-G9 -> 0
A10: 000319 | B10: PUL 93 RVP 7/8# | C10: =SUMIF('Physical - BBLS'!J:J,A10,'Physical - BBLS'!E:E) -> 0 | D10: =SUMIF('S-3'!A:A,A10,'S-3'!B:B) -> 0 | E10: =+D10-C10 -> 0 | G10: =SUMIF('Physical - BBLS'!J:J,A10,'Physical - BBLS'!C:C) -> 0 | H10: =SUMIF('P-3'!A:A,A10,'P-3'!B:B) -> 0 | I10: =+H10-G10 -> 0
A11: 000351 | B11: RUL87 RVP 9.0 | C11: =SUMIF('Physical - BBLS'!J:J,A11,'Physical - BBLS'!E:E) -> 1128300 | D11: =SUMIF('S-3'!A:A,A11,'S-3'!B:B) -> 1128300.2 | E11: =+D11-C11 -> 0.24 | G11: =SUMIF('Physical - BBLS'!J:J,A11,'Physical - BBLS'!C:C) -> 175000 | H11: =SUMIF('P-3'!A:A,A11,'P-3'!B:B) -> 175000 | I11: =+H11-G11 -> 0
A12: 000402 | B12: JP-8 ANTIICANT | C12: =SUMIF('Physical - BBLS'!J:J,A12,'Physical - BBLS'!E:E) -> 0 | D12: =SUMIF('S-3'!A:A,A12,'S-3'!B:B) -> 0 | E12: =+D12-C12 -> 0 | G12: =SUMIF('Physical - BBLS'!J:J,A12,'Physical - BBLS'!C:C) -> 0 | H12: =SUMIF('P-3'!A:A,A12,'P-3'!B:B) -> 0 | I12: =+H12-G12 -> 0
A13: 000410 | B13: JET A | C13: =SUMIF('Physical - BBLS'!J:J,A13,'Physical - BBLS'!E:E) -> 103380 | D13: =SUMIF('S-3'!A:A,A13,'S-3'!B:B) -> 103379.93 | E13: =+D13-C13 -> -0.07 | G13: =SUMIF('Physical - BBLS'!J:J,A13,'Physical - BBLS'!C:C) -> 258562 | H13: =SUMIF('P-3'!A:A,A13,'P-3'!B:B) -> 258561.79 | I13: =+H13-G13 -> -0.21285714
A14: 000429 | B14: Low Sulfur Diesel | C14: =SUMIF('Physical - BBLS'!J:J,A14,'Physical - BBLS'!E:E) -> 39621 | D14: =SUMIF('S-3'!A:A,A14,'S-3'!B:B) -> 39621 | E14: =+D14-C14 -> 0 | G14: =SUMIF('Physical - BBLS'!J:J,A14,'Physical - BBLS'!C:C) -> 0 | H14: =SUMIF('P-3'!A:A,A14,'P-3'!B:B) -> 0 | I14: =+H14-G14 -> 0
A15: 000646 | B15: JP8 Turbine Fuel | C15: =SUMIF('Physical - BBLS'!J:J,A15,'Physical - BBLS'!E:E) -> 295368 | D15: =SUMIF('S-3'!A:A,A15,'S-3'!B:B) -> 295368.33 | E15: =+D15-C15 -> 0.33 | G15: =SUMIF('Physical - BBLS'!J:J,A15,'Physical - BBLS'!C:C) -> 0 | H15: =SUMIF('P-3'!A:A,A15,'P-3'!B:B) -> 0 | I15: =+H15-G15 -> 0
A16: 000804 | B16: Slop Oil | C16: =SUMIF('Physical - BBLS'!J:J,A16,'Physical - BBLS'!E:E) -> 0 | D16: =SUMIF('S-3'!A:A,A16,'S-3'!B:B) -> 0 | E16: =+D16-C16 -> 0 | G16: =SUMIF('Physical - BBLS'!J:J,A16,'Physical - BBLS'!C:C) -> 0 | H16: =SUMIF('P-3'!A:A,A16,'P-3'!B:B) -> 0 | I16: =+H16-G16 -> 0
A17: 000863 | B17: Purchased Hydrogen | C17: =SUMIF('Physical - BBLS'!J:J,A17,'Physical - BBLS'!E:E) -> 0 | D17: =SUMIF('S-3'!A:A,A17,'S-3'!B:B) -> 0 | E17: =+D17-C17 -> 0 | G17: =SUMIF('Physical - BBLS'!J:J,A17,'Physical - BBLS'!C:C) -> 79544 | H17: =SUMIF('P-3'!A:A,A17,'P-3'!B:B) -> 79543.858 | I17: =+H17-G17 -> -0.142
A18: 000866 | B18: Coke Offsite | C18: =SUMIF('Physical - BBLS'!J:J,A18,'Physical - BBLS'!E:E) -> 1356645 | D18: =SUMIF('S-3'!A:A,A18,'S-3'!B:B) -> 1356647.1 | E18: =+D18-C18 -> 2.0689569 | G18: =SUMIF('Physical - BBLS'!J:J,A18,'Physical - BBLS'!C:C) -> 0 | H18: =SUMIF('P-3'!A:A,A18,'P-3'!B:B) -> 0 | I18: =+H18-G18 -> 0
A19: 000896 | B19: Shell Marine Diesel Fuel | C19: =SUMIF('Physical - BBLS'!J:J,A19,'Physical - BBLS'!E:E) -> 0 | D19: =SUMIF('S-3'!A:A,A19,'S-3'!B:B) -> 0 | E19: =+D19-C19 -> 0 | G19: =SUMIF('Physical - BBLS'!J:J,A19,'Physical - BBLS'!C:C) -> 0 | H19: =SUMIF('P-3'!A:A,A19,'P-3'!B:B) -> 0 | I19: =+H19-G19 -> 0
A20: 000918 | B20: PLAT-2 Feed | C20: =SUMIF('Physical - BBLS'!J:J,A20,'Physical - BBLS'!E:E) -> 0 | D20: =SUMIF('S-3'!A:A,A20,'S-3'!B:B) -> 0 | E20: =+D20-C20 -> 0 | G20: =SUMIF('Physical - BBLS'!J:J,A20,'Physical - BBLS'!C:C) -> 0 | H20: =SUMIF('P-3'!A:A,A20,'P-3'!B:B) -> 0 | I20: =+H20-G20 -> 0
... A45: 008771 | B45: Untreated Heavy CC Gas Oi | C45: =SUMIF('Physical - BBLS'!J:J,A45,'Physical - BBLS'!E:E) -> 0 | D45: =SUMIF('S-3'!A:A,A45,'S-3'!B:B) -> 0 | E45: =+D45-C45 -> 0 | G45: =SUMIF('Physical - BBLS'!J:J,A45,'Physical - BBLS'!C:C) -> 0 | H45: =SUMIF('P-3'!A:A,A45,'P-3'!B:B) -> 0 | I45: =+H45-G45 -> 0
A46: 008949 | B46: Natural Gas-Hydro Feed Na | C46: =SUMIF('Physical - BBLS'!J:J,A46,'Physical - BBLS'!E:E) -> 0 | D46: =SUMIF('S-3'!A:A,A46,'S-3'!B:B) -> 0 | E46: =+D46-C46 -> 0 | G46: =SUMIF('Physical - BBLS'!J:J,A46,'Physical - BBLS'!C:C) -> 60071 | H46: =SUMIF('P-3'!A:A,A46,'P-3'!B:B) -> 33327.448 | I46: =+H46-G46 -> -26743.552 | J46: 8949 | K46: Routine monthly variance
A47: 008951 | B47: Refinery Fuel Gas | C47: =SUMIF('Physical - BBLS'!J:J,A47,'Physical - BBLS'!E:E) -> 0 | D47: =SUMIF('S-3'!A:A,A47,'S-3'!B:B) -> 0 | E47: =+D47-C47 -> 0 | G47: =SUMIF('Physical - BBLS'!J:J,A47,'Physical - BBLS'!C:C) -> 0 | H47: =SUMIF('P-3'!A:A,A47,'P-3'!B:B) -> 0 | I47: =+H47-G47 -> 0
A48: 024504 | B48: Untreated Kerosene | C48: =SUMIF('Physical - BBLS'!J:J,A48,'Physical - BBLS'!E:E) -> 0 | D48: =SUMIF('S-3'!A:A,A48,'S-3'!B:B) -> 0 | E48: =+D48-C48 -> 0 | G48: =SUMIF('Physical - BBLS'!J:J,A48,'Physical - BBLS'!C:C) -> 0 | H48: =SUMIF('P-3'!A:A,A48,'P-3'!B:B) -> 0 | I48: =+H48-G48 -> 0
A49: 026647 | B49: BG PUL 90 RVP>7.8 CONV ET | C49: =SUMIF('Physical - BBLS'!J:J,A49,'Physical - BBLS'!E:E) -> 0 | D49: =SUMIF('S-3'!A:A,A49,'S-3'!B:B) -> 0 | E49: =+D49-C49 -> 0 | G49: =SUMIF('Physical - BBLS'!J:J,A49,'Physical - BBLS'!C:C) -> 0 | H49: =SUMIF('P-3'!A:A,A49,'P-3'!B:B) -> 0 | I49: =+H49-G49 -> 0
A50: 026668 | B50: Winter RBOB - 10% Ethanol | C50: =SUMIF('Physical - BBLS'!J:J,A50,'Physical - BBLS'!E:E) -> 0 | D50: =SUMIF('S-3'!A:A,A50,'S-3'!B:B) -> 0 | E50: =+D50-C50 -> 0 | G50: =SUMIF('Physical - BBLS'!J:J,A50,'Physical - BBLS'!C:C) -> 0 | H50: =SUMIF('P-3'!A:A,A50,'P-3'!B:B) -> 0 | I50: =+H50-G50 -> 0
A51: 026672 | B51: Shell Turbine Fuel JP-5 | C51: =SUMIF('Physical - BBLS'!J:J,A51,'Physical - BBLS'!E:E) -> 579118 | D51: =SUMIF('S-3'!A:A,A51,'S-3'!B:B) -> 579117.75 | E51: =+D51-C51 -> -0.25 | G51: =SUMIF('Physical - BBLS'!J:J,A51,'Physical - BBLS'!C:C) -> 0 | H51: =SUMIF('P-3'!A:A,A51,'P-3'!B:B) -> 0 | I51: =+H51-G51 -> 0
A52: 026797 | B52: Summer RBOB - 10% Ethanol | C52: =SUMIF('Physical - BBLS'!J:J,A52,'Physical - BBLS'!E:E) -> 1020338 | D52: =SUMIF('S-3'!A:A,A52,'S-3'!B:B) -> 1020337.6 | E52: =+D52-C52 -> -0.4 | G52: =SUMIF('Physical - BBLS'!J:J,A52,'Physical - BBLS'!C:C) -> 100000 | H52: =SUMIF('P-3'!A:A,A52,'P-3'!B:B) -> 100000 | I52: =+H52-G52 -> 0
A53: 026858 | B53: PMI Gasoline | C53: =SUMIF('Physical - BBLS'!J:J,A53,'Physical - BBLS'!E:E) -> 1325161 | D53: =SUMIF('S-3'!A:A,A53,'S-3'!B:B) -> 1325160.9 | E53: =+D53-C53 -> -0.096 | G53: =SUMIF('Physical - BBLS'!J:J,A53,'Physical - BBLS'!C:C) -> 0 | H53: =SUMIF('P-3'!A:A,A53,'P-3'!B:B) -> 0 | I53: =+H53-G53 -> 0
A54: 027101 | B54: GN Ultra LS Diesel 2S-15 | C54: =SUMIF('Physical - BBLS'!J:J,A54,'Physical - BBLS'!E:E) -> 2635787 | D54: =SUMIF('S-3'!A:A,A54,'S-3'!B:B) -> 2635787 | E54: =+D54-C54 -> 0.04 | G54: =SUMIF('Physical - BBLS'!J:J,A54,'Physical - BBLS'!C:C) -> 0 | H54: =SUMIF('P-3'!A:A,A54,'P-3'!B:B) -> 0 | I54: =+H54-G54 -> 0
A55: 034201 | B55: Gas Blend Naphtha DPMC | C55: =SUMIF('Physical - BBLS'!J:J,A55,'Physical - BBLS'!E:E) -> 0 | D55: =SUMIF('S-3'!A:A,A55,'S-3'!B:B) -> 0 | E55: =+D55-C55 -> 0 | G55: =SUMIF('Physical - BBLS'!J:J,A55,'Physical - BBLS'!C:C) -> 0 | H55: =SUMIF('P-3'!A:A,A55,'P-3'!B:B) -> 0 | I55: =+H55-G55 -> 0
A56: 034203 | B56: Sales Naphtha | C56: =SUMIF('Physical - BBLS'!J:J,A56,'Physical - BBLS'!E:E) -> 56050 | D56: =SUMIF('S-3'!A:A,A56,'S-3'!B:B) -> 56049.75 | E56: =+D56-C56 -> -0.25 | G56: =SUMIF('Physical - BBLS'!J:J,A56,'Physical - BBLS'!C:C) -> 0 | H56: =SUMIF('P-3'!A:A,A56,'P-3'!B:B) -> 0 | I56: =+H56-G56 -> 0
A57: 034214 | B57: Pyrolysis Heavy Gasoline | C57: =SUMIF('Physical - BBLS'!J:J,A57,'Physical - BBLS'!E:E) -> 0 | D57: =SUMIF('S-3'!A:A,A57,'S-3'!B:B) -> 0 | E57: =+D57-C57 -> 0 | G57: =SUMIF('Physical - BBLS'!J:J,A57,'Physical - BBLS'!C:C) -> 0 | H57: =SUMIF('P-3'!A:A,A57,'P-3'!B:B) -> 0 | I57: =+H57-G57 -> 0
A58: 036515 | B58: Med Sulfur Cat Cracked Fe | C58: =SUMIF('Physical - BBLS'!J:J,A58,'Physical - BBLS'!E:E) -> 0 | D58: =SUMIF('S-3'!A:A,A58,'S-3'!B:B) -> 0 | E58: =+D58-C58 -> 0 | G58: =SUMIF('Physical - BBLS'!J:J,A58,'Physical - BBLS'!C:C) -> 0 | H58: =SUMIF('P-3'!A:A,A58,'P-3'!B:B) -> 0 | I58: =+H58-G58 -> 0
... A93: 092550 | B93: SH.PROP/PROPY-UNODOR | C93: =SUMIF('Physical - BBLS'!J:J,A93,'Physical - BBLS'!E:E) -> 167222 | D93: =SUMIF('S-3'!A:A,A93,'S-3'!B:B) -> 167221.6 | E93: =+D93-C93 -> -0.399 | G93: =SUMIF('Physical - BBLS'!J:J,A93,'Physical - BBLS'!C:C) -> 0 | H93: =SUMIF('P-3'!A:A,A93,'P-3'!B:B) -> 0 | I93: =+H93-G93 -> 0
C94: =SUMIF('Physical - BBLS'!J:J,A94,'Physical - BBLS'!E:E) -> 0 | D94: =SUMIF('S-3'!A:A,A94,'S-3'!B:B) -> 0 | E94: =+D94-C94 -> 0 | G94: =SUMIF('Physical - BBLS'!J:J,A94,'Physical - BBLS'!C:C) -> 0 | H94: =SUMIF('P-3'!A:A,A94,'P-3'!B:B) -> 0 | I94: =+H94-G94 -> 0
C95: =SUMIF('Physical - BBLS'!J:J,A95,'Physical - BBLS'!E:E) -> 0 | D95: =SUMIF('S-3'!A:A,A95,'S-3'!B:B) -> 0 | E95: =+D95-C95 -> 0 | G95: =SUMIF('Physical - BBLS'!J:J,A95,'Physical - BBLS'!C:C) -> 0 | H95: =SUMIF('P-3'!A:A,A95,'P-3'!B:B) -> 0 | I95: =+H95-G95 -> 0
C96: =SUMIF('Physical - BBLS'!J:J,A96,'Physical - BBLS'!E:E) -> 0 | D96: =SUMIF('S-3'!A:A,A96,'S-3'!B:B) -> 0 | E96: =+D96-C96 -> 0 | G96: =SUMIF('Physical - BBLS'!J:J,A96,'Physical - BBLS'!C:C) -> 0 | H96: =SUMIF('P-3'!A:A,A96,'P-3'!B:B) -> 0 | I96: =+H96-G96 -> 0
C97: =SUMIF('Physical - BBLS'!J:J,A97,'Physical - BBLS'!E:E) -> 0 | D97: =SUMIF('S-3'!A:A,A97,'S-3'!B:B) -> 0 | E97: =+D97-C97 -> 0 | G97: =SUMIF('Physical - BBLS'!J:J,A97,'Physical - BBLS'!C:C) -> 0 | H97: =SUMIF('P-3'!A:A,A97,'P-3'!B:B) -> 0 | I97: =+H97-G97 -> 0
C98: =SUMIF('Physical - BBLS'!J:J,A98,'Physical - BBLS'!E:E) -> 0 | D98: =SUMIF('S-3'!A:A,A98,'S-3'!B:B) -> 0 | E98: =+D98-C98 -> 0 | G98: =SUMIF('Physical - BBLS'!J:J,A98,'Physical - BBLS'!C:C) -> 0 | H98: =SUMIF('P-3'!A:A,A98,'P-3'!B:B) -> 0 | I98: =+H98-G98 -> 0
C99: =SUMIF('Physical - BBLS'!J:J,A99,'Physical - BBLS'!E:E) -> 0 | D99: =SUMIF('S-3'!A:A,A99,'S-3'!B:B) -> 0 | E99: =+D99-C99 -> 0 | G99: =SUMIF('Physical - BBLS'!J:J,A99,'Physical - BBLS'!C:C) -> 0 | H99: =SUMIF('P-3'!A:A,A99,'P-3'!B:B) -> 0 | I99: =+H99-G99 -> 0
C100: =SUMIF('Physical - BBLS'!J:J,A100,'Physical - BBLS'!E:E) -> 0 | D100: =SUMIF('S-3'!A:A,A100,'S-3'!B:B) -> 0 | E100: =+D100-C100 -> 0 | G100: =SUMIF('Physical - BBLS'!J:J,A100,'Physical - BBLS'!C:C) -> 0 | H100: =SUMIF('P-3'!A:A,A100,'P-3'!B:B) -> 0 | I100: =+H100-G100 -> 0
C101: =SUMIF('Physical - BBLS'!J:J,A101,'Physical - BBLS'!E:E) -> 0 | D101: =SUMIF('S-3'!A:A,A101,'S-3'!B:B) -> 0 | E101: =+D101-C101 -> 0 | G101: =SUMIF('Physical - BBLS'!J:J,A101,'Physical - BBLS'!C:C) -> 0 | H101: =SUMIF('P-3'!A:A,A101,'P-3'!B:B) -> 0 | I101: =+H101-G101 -> 0
C102: =SUMIF('Physical - BBLS'!J:J,A102,'Physical - BBLS'!E:E) -> 0 | D102: =SUMIF('S-3'!A:A,A102,'S-3'!B:B) -> 0 | E102: =+D102-C102 -> 0 | G102: =SUMIF('Physical - BBLS'!J:J,A102,'Physical - BBLS'!C:C) -> 0 | H102: =SUMIF('P-3'!A:A,A102,'P-3'!B:B) -> 0 | I102: =+H102-G102 -> 0
C103: =SUMIF('Physical - BBLS'!J:J,A103,'Physical - BBLS'!E:E) -> 0 | D103: =SUMIF('S-3'!A:A,A103,'S-3'!B:B) -> 0 | E103: =+D103-C103 -> 0 | G103: =SUMIF('Physical - BBLS'!J:J,A103,'Physical - BBLS'!C:C) -> 0 | H103: =SUMIF('P-3'!A:A,A103,'P-3'!B:B) -> 0 | I103: =+H103-G103 -> 0
C104: =SUMIF('Physical - BBLS'!J:J,A104,'Physical - BBLS'!E:E) -> 0 | D104: =SUMIF('S-3'!A:A,A104,'S-3'!B:B) -> 0 | E104: =+D104-C104 -> 0 | G104: =SUMIF('Physical - BBLS'!J:J,A104,'Physical - BBLS'!C:C) -> 0 | H104: =SUMIF('P-3'!A:A,A104,'P-3'!B:B) -> 0 | I104: =+H104-G104 -> 0
C105: =SUMIF('Physical - BBLS'!J:J,A105,'Physical - BBLS'!E:E) -> 0 | D105: =SUMIF('S-3'!A:A,A105,'S-3'!B:B) -> 0 | E105: =+D105-C105 -> 0 | G105: =SUMIF('Physical - BBLS'!J:J,A105,'Physical - BBLS'!C:C) -> 0 | H105: =SUMIF('P-3'!A:A,A105,'P-3'!B:B) -> 0 | I105: =+H105-G105 -> 0
... C108: =SUMIF('Physical - BBLS'!J:J,A108,'Physical - BBLS'!E:E) -> 0 | D108: =SUMIF('S-3'!A:A,A108,'S-3'!B:B) -> 0 | E108: =+D108-C108 -> 0 | G108: =SUMIF('Physical - BBLS'!J:J,A108,'Physical - BBLS'!C:C) -> 0 | H108: =SUMIF('P-3'!A:A,A108,'P-3'!B:B) -> 0 | I108: =+H108-G108 -> 0
A109: Grand Total | C109: =SUM(C2:C108) -> 12632952 | D109: =SUM(D2:D108) -> 12570959 | E109: =+C109-D109 -> 61992.809 | F109: =SUM(F2:F98) -> 0 | G109: =SUM(G2:G108) -> 11350012 | H109: =SUM(H2:H108) -> 7899742.6 | I109: =+G109-H109 -> 3450269.4 | IU109: =SUM(I109,E109) -> 3512262.2
B110: SHARE, S-3 and P-3 Totals | C110: ='Physical - BBLS'!E102 -> 12632952 | D110: ='S-3'!B53 -> 12570959 | E110: =+C110-D110 -> 61992.809 | G110: ='Physical - BBLS'!C102 -> 11455230 | H110: ='P-3'!B47 -> 8004960.6 | I110: =+G110-H110 -> 3450269.4 | IU110: =SUM(C110:IT110) -> 48176364
B111: Variance | C111: =+C109-C110 -> 0 | D111: =+D109-D110 -> 0 | E111: =+C111-D111 -> 0 | G111: =+G109-G110 -> -105218 | H111: =+H109-H110 -> -105218 | I111: =+G111-H111 -> -9.3132257e-10 | IU111: =SUM(C111:IT111) -> -210436

Sheet Carga
A1: 110 | B1: 2715.5 | C1: 0 | D1: -1894 | E1: 0 | F1: 0 | G1: 0 | H1: 822 | I1: Ballast Water | J1: 0
A2: 130 | B2: 1030.5 | C2: 0 | D2: -0.5 | E2: 0 | F2: 0 | G2: 0 | H2: 1030 | I2: JP-5 ANTIICANT | J2: 0
A3: 204 | B3: 0 | C3: 162537 | D3: -162537 | E3: 0 | F3: 0 | G3: 0 | H3: 0 | I3: Napo | J3: 0
A4: 206 | B4: 0 | C4: 99646 | D4: -86876 | E4: 0 | F4: 0 | G4: 0 | H4: 12769.5 | I4: Hoops | J4: 0
A5: 215 | B5: 57920 | C5: 59828 | D5: -48625.5 | E5: 0 | F5: 0 | G5: 0 | H5: 69122.5 | I5: Cold Lake Blend Crude (Ca | J5: 0
A6: 252 | B6: 89130.5 | C6: -77 | D6: -89053.5 | E6: 0 | F6: 0 | G6: 0 | H6: 0 | I6: Mars Crude | J6: 0
A7: 280 | B7: 765766.5 | C7: 3454521.5 | D7: -3441366 | E7: 0 | F7: 0 | G7: 1578 | H7: 777344 | I7: Maya | J7: 0
A8: 306 | B8: 7497 | C8: 0 | D8: 66250.5 | E8: 49818.5 | F8: 0 | G8: 128 | H8: 23800.5 | I8: Toluene for gasoline blen | J8: 0
A9: 319 | B9: 350 | C9: 0 | D9: 0 | E9: 0 | F9: 0 | G9: 0 | H9: 350 | I9: PUL 93 RVP 7/8# | J9: 0
A10: 351 | B10: 28670 | C10: 87500 | D10: 584016.5 | E10: 564150 | F10: 0 | G10: 955 | H10: 135081 | I10: RUL87 RVP 9.0 | J10: 0
A11: 402 | B11: 38.5 | C11: 0 | D11: 0 | E11: 0 | F11: 0 | G11: 0 | H11: 38.5 | I11: JP-8 ANTIICANT | J11: 0
A12: 410 | B12: 0 | C12: 129281 | D12: -77591 | E12: 51690 | F12: 0 | G12: 0 | H12: 0 | I12: JET A | J12: 0
... A93: 92606 | B93: 22257.5 | C93: 52609 | D93: -58494.5 | E93: 0 | F93: 0 | G93: 0 | H93: 16372.5 | I93: Isobutane | J93: 0
B95: =SUM(B1:B94) -> 4158279 | C95: =SUM(C1:C94) -> 5727615 | D95: =SUM(D1:D94) -> 401030.5 | E95: =SUM(E1:E94) -> 6316476 | F95: =SUM(F1:F94) -> 0 | G95: =SUM(G1:G94) -> 14307.5 | H95: =SUM(H1:H94) -> 3819530

Sheet Reporte
B1: Artículo | C1: Inv/Inicial | D1: Recepción | E1: Prod/Cons | F1: Embarques | G1: Cons. | H1: Perd/Gan. | I1: Inv/Final
B2: 1037 | C2: 0 | D2: 0 | E2: 38690 | F2: 0 | G2: 0 | H2: 0 | I2: 0
B4: 1046 | C4: 22714.5 | D4: 0 | E4: 42098 | F4: 35599 | G4: 0 | H4: 0 | I4: 29213.5
B6: 1048 | C6: 0 | D6: 0 | E6: 30999.5 | F6: 30999.5 | G6: 0 | H6: 0 | I6: 0
B8: 110 | C8: 2715.5 | D8: 0 | E8: -1894 | F8: 0 | G8: 0 | H8: 0 | I8: 822
B10: 130 | C10: 1030.5 | D10: 0 | E10: -0.5 | F10: 0 | G10: 0 | H10: 0 | I10: 1030
B12: 204 | C12: 0 | D12: 162537 | E12: -162537 | F12: 0 | G12: 0 | H12: 0 | I12: 0
B14: 206 | C14: 0 | D14: 99646 | E14: -86876 | F14: 0 | G14: 0 | H14: 0 | I14: 12769.5
B16: 215 | C16: 57920 | D16: 59828 | E16: -48625.5 | F16: 0 | G16: 0 | H16: 0 | I16: 69122.5
B18: 24504 | C18: 2441 | D18: 0 | E18: 12664 | F18: 0 | G18: 0 | H18: 0 | I18: 15105
B20: 252 | C20: 89130.5 | D20: -77 | E20: -89053.5 | F20: 0 | G20: 0 | H20: 0 | I20: 0
B22: 26647 | C22: 31654 | D22: 0 | E22: -25684 | F22: 0 | G22: 0 | H22: 0 | I22: 5970
B24: 26668 | C24: 0 | D24: 0 | E24: 15 | F24: 0 | G24: 0 | H24: 15 | I24: 0
... B186: 92606 | C186: 22257.5 | D186: 52609 | E186: -58494.5 | F186: 0 | G186: 0 | H186: 0 | I186: 16372.5
C188: =SUM(C2:C186) -> 4158279 | D188: =SUM(D2:D186) -> 5727615 | E188: =SUM(E2:E186) -> 401030.5 | F188: =SUM(F2:F186) -> 6316476 | G188: =SUM(G2:G186) -> 0 | H188: =SUM(H2:H186) -> 14307.5 | I188: =SUM(I2:I186) -> 3819530
C189: =+Carga!B95 -> 4158279 | D189: =+Carga!C95 -> 5727615 | E189: =+Carga!D95 -> 401030.5 | F189: =+Carga!E95 -> 6316476 | G189: =+Carga!F95 -> 0 | H189: =+Carga!G95 -> 14307.5 | I189: =+Carga!H95 -> 3819530
C190: =+C188-C189 -> 0 | D190: =+D188-D189 -> 0 | E190: =+E188-E189 -> 0 | F190: =+F188-F189 -> 0 | G190: =+G188-G189 -> 0 | H190: =+H188-H189 -> 0 | I190: =+I188-I189 -> 0
A205: >
